/*
SQLyog Ultimate v12.09 (64 bit)
MySQL - 5.5.29 : Database - db_tubaba
*********************************************************************
*/

/*!40101 SET NAMES utf8 */;

/*!40101 SET SQL_MODE=''*/;

/*!40014 SET @OLD_UNIQUE_CHECKS=@@UNIQUE_CHECKS, UNIQUE_CHECKS=0 */;
/*!40014 SET @OLD_FOREIGN_KEY_CHECKS=@@FOREIGN_KEY_CHECKS, FOREIGN_KEY_CHECKS=0 */;
/*!40101 SET @OLD_SQL_MODE=@@SQL_MODE, SQL_MODE='NO_AUTO_VALUE_ON_ZERO' */;
/*!40111 SET @OLD_SQL_NOTES=@@SQL_NOTES, SQL_NOTES=0 */;
CREATE DATABASE /*!32312 IF NOT EXISTS*/`db_tubaba` /*!40100 DEFAULT CHARACTER SET utf8 */;

USE `db_tubaba`;

/*Table structure for table `activity` */

DROP TABLE IF EXISTS `activity`;

CREATE TABLE `activity` (
  `id` int(11) NOT NULL AUTO_INCREMENT COMMENT '主键',
  `way` varchar(200) DEFAULT NULL COMMENT '活动方式',
  `starttime` date DEFAULT NULL COMMENT '开始时间',
  `endtime` date DEFAULT NULL COMMENT '结束时间',
  `state` int(11) DEFAULT NULL COMMENT '状态0删除 1正常',
  `typeid` int(11) DEFAULT NULL COMMENT '活动类型id',
  PRIMARY KEY (`id`),
  KEY `activity_ibfk_2` (`typeid`),
  CONSTRAINT `activity_ibfk_2` FOREIGN KEY (`typeid`) REFERENCES `activity_type` (`id`)
) ENGINE=InnoDB AUTO_INCREMENT=46 DEFAULT CHARSET=utf8;

/*Data for the table `activity` */

insert  into `activity`(`id`,`way`,`starttime`,`endtime`,`state`,`typeid`) values (1,'每满2000元减50元(最高立减500元)','2018-11-02','2018-12-02',0,1),(21,'每满1000元减20元(最高立减200元)','2018-11-02','2018-12-02',0,20),(22,'每满600元减20元(最高立减100元)','2018-11-14','2018-11-30',0,21),(24,'满100立减5元','2018-11-14','2018-12-08',0,14),(26,'满250立减10元','2018-11-14','2018-11-24',0,22),(27,'满500立减25元','2018-11-05','2018-11-15',0,23),(42,'兔爸爸-成都欢乐谷‘万圣节’','2018-11-14','2018-11-30',1,1),(45,'满250立减10元','2018-11-15','2018-11-23',0,19);

/*Table structure for table `activity_address` */

DROP TABLE IF EXISTS `activity_address`;

CREATE TABLE `activity_address` (
  `id` int(11) NOT NULL AUTO_INCREMENT COMMENT '活动地址表id',
  `name` varchar(20) DEFAULT NULL COMMENT '地址名称',
  `upid` int(11) DEFAULT NULL COMMENT '父级id',
  `state` int(4) DEFAULT NULL COMMENT '状态 0未删除 1以删除',
  PRIMARY KEY (`id`)
) ENGINE=InnoDB AUTO_INCREMENT=603 DEFAULT CHARSET=utf8 COMMENT='活动显示地址表';

/*Data for the table `activity_address` */

insert  into `activity_address`(`id`,`name`,`upid`,`state`) values (1,'首页',1,0),(2,'国内游',0,0),(3,'周边游',0,0),(4,'景点门票',0,0),(5,'定制游',0,0),(6,'亲子游',0,0),(7,'旅游攻略',0,0),(101,'今日必抢',1,0),(102,'品质优选',1,0),(201,'优惠促销',2,0),(202,'爆款特卖',2,0),(203,'主题活动',2,0),(301,'特价不打烊',3,0),(302,'活动玩不停',3,0),(303,'过个豪周末',3,0),(304,'萌宝乐翻天',3,0),(401,'双十一大促',4,0),(402,'\r\n打响周末',4,0),(601,'主题活动',6,0),(602,'最新活动',6,0);

/*Table structure for table `activity_arithmetic` */

DROP TABLE IF EXISTS `activity_arithmetic`;

CREATE TABLE `activity_arithmetic` (
  `id` int(11) NOT NULL AUTO_INCREMENT COMMENT '主键',
  `arithmeticType` varchar(100) DEFAULT NULL COMMENT '活动后台算术式类的全名',
  `discountsMoney` double DEFAULT NULL COMMENT '优惠金额',
  `discount` double DEFAULT NULL COMMENT '折扣',
  `satisfyMoney` double DEFAULT NULL COMMENT '满足金额',
  `maxDiscountsMoney` double DEFAULT NULL COMMENT '最高优惠金额',
  PRIMARY KEY (`id`)
) ENGINE=InnoDB AUTO_INCREMENT=18 DEFAULT CHARSET=utf8 COMMENT='活动算法表';

/*Data for the table `activity_arithmetic` */

insert  into `activity_arithmetic`(`id`,`arithmeticType`,`discountsMoney`,`discount`,`satisfyMoney`,`maxDiscountsMoney`) values (1,'com.znsd.tubaba.activity.PromotionArithmeticType',50,NULL,2000,500),(2,'com.znsd.tubaba.activity.PromotionArithmeticType',20,NULL,1000,200),(3,'com.znsd.tubaba.activity.DiscountArithmecitType',NULL,9.5,1000,NULL),(12,'com.znsd.tubaba.activity.DiscountArithmecitType',NULL,9,2000,NULL),(14,'com.znsd.tubaba.activity.KnockArithmecitType',5,NULL,100,NULL),(15,'com.znsd.tubaba.activity.KnockArithmecitType',10,NULL,250,NULL),(16,'com.znsd.tubaba.activity.KnockArithmecitType',25,NULL,500,NULL),(17,'com.znsd.tubaba.activity.PromotionArithmeticType',20,NULL,600,100);

/*Table structure for table `activity_type` */

DROP TABLE IF EXISTS `activity_type`;

CREATE TABLE `activity_type` (
  `id` int(11) NOT NULL AUTO_INCREMENT COMMENT '主键',
  `name` varchar(50) DEFAULT NULL COMMENT '活动类型名称',
  `arithmeticid` int(11) DEFAULT NULL COMMENT '活动算法id',
  `state` int(11) DEFAULT NULL COMMENT '状态1正常 0删除',
  PRIMARY KEY (`id`),
  KEY `suanfaid` (`arithmeticid`),
  CONSTRAINT `suanfaid` FOREIGN KEY (`arithmeticid`) REFERENCES `activity_arithmetic` (`id`)
) ENGINE=InnoDB AUTO_INCREMENT=24 DEFAULT CHARSET=utf8 COMMENT='活动类型表';

/*Data for the table `activity_type` */

insert  into `activity_type`(`id`,`name`,`arithmeticid`,`state`) values (1,'满减',1,0),(2,'评论返现',2,0),(3,'游记返现',3,0),(10,'最新活动',1,0),(14,'立减',14,0),(17,'折扣9折',12,0),(18,'折扣95折',3,0),(19,'双十一大促',1,0),(20,'满减',2,0),(21,'满减',17,0),(22,'立减',15,0),(23,'立减',16,0);

/*Table structure for table `address` */

DROP TABLE IF EXISTS `address`;

CREATE TABLE `address` (
  `id` int(11) NOT NULL AUTO_INCREMENT COMMENT '主键',
  `area` varchar(20) DEFAULT NULL COMMENT '地区',
  `area_pinyin` varchar(200) DEFAULT NULL COMMENT '地区的拼音',
  `upid` int(11) DEFAULT NULL COMMENT '上层id',
  PRIMARY KEY (`id`)
) ENGINE=InnoDB AUTO_INCREMENT=426 DEFAULT CHARSET=utf8 COMMENT='地址表';

/*Data for the table `address` */

insert  into `address`(`id`,`area`,`area_pinyin`,`upid`) values (1,'北京市','beijingshi',0),(2,'天津市','tianjinshi',0),(3,'上海市','shanghaishi',0),(4,'重庆市','zhongqingshi',0),(5,'河北省','hebeisheng',0),(6,'山西省','shanxisheng',0),(7,'台湾省','taiwansheng',0),(8,'辽宁省','liaoningsheng',0),(9,'吉林省','jilinsheng',0),(10,'黑龙江省','heilongjiangsheng',0),(11,'江苏省','jiangsusheng',0),(12,'浙江省','zhejiangsheng',0),(13,'安徽省','anhuisheng',0),(14,'福建省','fujiansheng',0),(15,'江西省','jiangxisheng',0),(16,'山东省','shandongsheng',0),(17,'河南省','henansheng',0),(18,'湖北省','hubeisheng',0),(19,'湖南省','hunansheng',0),(20,'广东省','guangdongsheng',0),(21,'甘肃省','gansusheng',0),(22,'四川省','sichuansheng',0),(23,'贵州省','guizhousheng',0),(24,'海南省','hainansheng',0),(25,'云南省','yunnansheng',0),(26,'青海省','qinghaisheng',0),(27,'陕西省','shanxisheng',0),(28,'广西壮族自治区','guangxizhuangzuzizhiqu',0),(29,'西藏自治区','xizangzizhiqu',0),(30,'宁夏回族自治区','ningxiahuizuzizhiqu',0),(31,'新疆维吾尔自治区','xinjiangweiwuerzizhiqu',0),(32,'内蒙古自治区','neimengguzizhiqu',0),(33,'澳门特别行政区','aomentebiexingzhengqu',0),(34,'香港特别行政区','xianggangtebiexingzhengqu',0),(35,'北京市','beijingshi',1),(36,'天津市','tianjinshi',2),(37,'上海市','shanghaishi',3),(38,'重庆市','zhongqingshi',4),(39,'石家庄市','shijiazhuangshi',5),(40,'唐山市','tangshanshi',5),(41,'秦皇岛市','qinhuangdaoshi',5),(42,'邯郸市','handanshi',5),(43,'邢台市','xingtaishi',5),(44,'保定市','baodingshi',5),(45,'张家口市','zhangjiakoushi',5),(46,'承德市','chengdeshi',5),(47,'沧州市','cangzhoushi',5),(48,'廊坊市','langfangshi',5),(49,'衡水市','hengshuishi',5),(50,'太原市','taiyuanshi',6),(51,'大同市','datongshi',6),(52,'阳泉市','yangquanshi',6),(53,'长治市','zhangzhishi',6),(54,'晋城市','jinchengshi',6),(55,'朔州市','shuozhoushi',6),(56,'晋中市','jinzhongshi',6),(57,'运城市','yunchengshi',6),(58,'忻州市','xinzhoushi',6),(59,'临汾市','linfenshi',6),(60,'吕梁市','lvliangshi',6),(61,'台北市','taibeishi',7),(62,'高雄市','gaoxiongshi',7),(63,'基隆市','jilongshi',7),(64,'台中市','taizhongshi',7),(65,'台南市','tainanshi',7),(66,'新竹市','xinzhushi',7),(67,'嘉义市','jiayishi',7),(68,'台北县','taibeixian',7),(69,'宜兰县','yilanxian',7),(70,'桃园县','taoyuanxian',7),(71,'新竹县','xinzhuxian',7),(72,'苗栗县','miaolixian',7),(73,'台中县','taizhongxian',7),(74,'彰化县','zhanghuaxian',7),(75,'南投县','nantouxian',7),(76,'云林县','yunlinxian',7),(77,'嘉义县','jiayixian',7),(78,'台南县','tainanxian',7),(79,'高雄县','gaoxiongxian',7),(80,'屏东县','pingdongxian',7),(81,'澎湖县','penghuxian',7),(82,'台东县','taidongxian',7),(83,'花莲县','hualianxian',7),(84,'沈阳市','shenyangshi',8),(85,'大连市','dalianshi',8),(86,'鞍山市','anshanshi',8),(87,'抚顺市','fushunshi',8),(88,'本溪市','benxishi',8),(89,'丹东市','dandongshi',8),(90,'锦州市','jinzhoushi',8),(91,'营口市','yingkoushi',8),(92,'阜新市','fuxinshi',8),(93,'辽阳市','liaoyangshi',8),(94,'盘锦市','panjinshi',8),(95,'铁岭市','tielingshi',8),(96,'朝阳市','chaoyangshi',8),(97,'葫芦岛市','huludaoshi',8),(98,'长春市','zhangchunshi',9),(99,'吉林市','jilinshi',9),(100,'四平市','sipingshi',9),(101,'辽源市','liaoyuanshi',9),(102,'通化市','tonghuashi',9),(103,'白山市','baishanshi',9),(104,'松原市','songyuanshi',9),(105,'白城市','baichengshi',9),(106,'延边朝鲜族自治州','yanbianchaoxianzuzizhizhou',9),(107,'哈尔滨市','haerbinshi',10),(108,'齐齐哈尔市','qiqihaershi',10),(109,'鹤岗市','hegangshi',10),(110,'双鸭山市','shuangyashanshi',10),(111,'鸡西市','jixishi',10),(112,'大庆市','daqingshi',10),(113,'伊春市','yichunshi',10),(114,'牡丹江市','mudanjiangshi',10),(115,'佳木斯市','jiamusishi',10),(116,'七台河市','qitaiheshi',10),(117,'黑河市','heiheshi',10),(118,'绥化市','suihuashi',10),(119,'大兴安岭地区','daxinganlingdiqu',10),(120,'南京市','nanjingshi',11),(121,'无锡市','wuxishi',11),(122,'徐州市','xuzhoushi',11),(123,'常州市','changzhoushi',11),(124,'苏州市','suzhoushi',11),(125,'南通市','nantongshi',11),(126,'连云港市','lianyungangshi',11),(127,'淮安市','huaianshi',11),(128,'盐城市','yanchengshi',11),(129,'扬州市','yangzhoushi',11),(130,'镇江市','zhenjiangshi',11),(131,'泰州市','taizhoushi',11),(132,'宿迁市','suqianshi',11),(133,'杭州市','hangzhoushi',12),(134,'宁波市','ningboshi',12),(135,'温州市','wenzhoushi',12),(136,'嘉兴市','jiaxingshi',12),(137,'湖州市','huzhoushi',12),(138,'绍兴市','shaoxingshi',12),(139,'金华市','jinhuashi',12),(140,'衢州市','quzhoushi',12),(141,'舟山市','zhoushanshi',12),(142,'台州市','taizhoushi',12),(143,'丽水市','lishuishi',12),(144,'合肥市','hefeishi',13),(145,'芜湖市','wuhushi',13),(146,'蚌埠市','bangbushi',13),(147,'淮南市','huainanshi',13),(148,'马鞍山市','maanshanshi',13),(149,'淮北市','huaibeishi',13),(150,'铜陵市','tonglingshi',13),(151,'安庆市','anqingshi',13),(152,'黄山市','huangshanshi',13),(153,'滁州市','chuzhoushi',13),(154,'阜阳市','fuyangshi',13),(155,'宿州市','suzhoushi',13),(156,'巢湖市','chaohushi',13),(157,'六安市','liuanshi',13),(158,'亳州市','bozhoushi',13),(159,'池州市','chizhoushi',13),(160,'宣城市','xuanchengshi',13),(161,'福州市','fuzhoushi',14),(162,'厦门市','shamenshi',14),(163,'莆田市','putianshi',14),(164,'三明市','sanmingshi',14),(165,'泉州市','quanzhoushi',14),(166,'漳州市','zhangzhoushi',14),(167,'南平市','nanpingshi',14),(168,'龙岩市','longyanshi',14),(169,'宁德市','ningdeshi',14),(170,'南昌市','nanchangshi',15),(171,'景德镇市','jingdezhenshi',15),(172,'萍乡市','pingxiangshi',15),(173,'九江市','jiujiangshi',15),(174,'新余市','xinyushi',15),(175,'鹰潭市','yingtanshi',15),(176,'赣州市','ganzhoushi',15),(177,'吉安市','jianshi',15),(178,'宜春市','yichunshi',15),(179,'抚州市','fuzhoushi',15),(180,'上饶市','shangraoshi',15),(181,'济南市','jinanshi',16),(182,'青岛市','qingdaoshi',16),(183,'淄博市','ziboshi',16),(184,'枣庄市','zaozhuangshi',16),(185,'东营市','dongyingshi',16),(186,'烟台市','yantaishi',16),(187,'潍坊市','weifangshi',16),(188,'济宁市','jiningshi',16),(189,'泰安市','taianshi',16),(190,'威海市','weihaishi',16),(191,'日照市','rizhaoshi',16),(192,'莱芜市','laiwushi',16),(193,'临沂市','linyishi',16),(194,'德州市','dezhoushi',16),(195,'聊城市','liaochengshi',16),(196,'滨州市','binzhoushi',16),(197,'菏泽市','hezeshi',16),(198,'郑州市','zhengzhoushi',17),(199,'开封市','kaifengshi',17),(200,'洛阳市','luoyangshi',17),(201,'平顶山市','pingdingshanshi',17),(202,'安阳市','anyangshi',17),(203,'鹤壁市','hebishi',17),(204,'新乡市','xinxiangshi',17),(205,'焦作市','jiaozuoshi',17),(206,'濮阳市','puyangshi',17),(207,'许昌市','xuchangshi',17),(208,'漯河市','luoheshi',17),(209,'三门峡市','sanmenxiashi',17),(210,'南阳市','nanyangshi',17),(211,'商丘市','shangqiushi',17),(212,'信阳市','xinyangshi',17),(213,'周口市','zhoukoushi',17),(214,'驻马店市','zhumadianshi',17),(215,'济源市','jiyuanshi',17),(216,'武汉市','wuhanshi',18),(217,'黄石市','huangshishi',18),(218,'十堰市','shiyanshi',18),(219,'荆州市','jingzhoushi',18),(220,'宜昌市','yichangshi',18),(221,'襄樊市','xiangfanshi',18),(222,'鄂州市','ezhoushi',18),(223,'荆门市','jingmenshi',18),(224,'孝感市','xiaoganshi',18),(225,'黄冈市','huanggangshi',18),(226,'咸宁市','xianningshi',18),(227,'随州市','suizhoushi',18),(228,'仙桃市','xiantaoshi',18),(229,'天门市','tianmenshi',18),(230,'潜江市','qianjiangshi',18),(231,'神农架林区','shennongjialinqu',18),(232,'恩施土家族苗族自治州','enshitujiazumiaozuzizhizhou',18),(233,'长沙市','zhangshashi',19),(234,'株洲市','zhuzhoushi',19),(235,'湘潭市','xiangtanshi',19),(236,'衡阳市','hengyangshi',19),(237,'邵阳市','shaoyangshi',19),(238,'岳阳市','yueyangshi',19),(239,'常德市','changdeshi',19),(240,'张家界市','zhangjiajieshi',19),(241,'益阳市','yiyangshi',19),(242,'郴州市','chenzhoushi',19),(243,'永州市','yongzhoushi',19),(244,'怀化市','huaihuashi',19),(245,'娄底市','loudishi',19),(246,'湘西土家族苗族自治州','xiangxitujiazumiaozuzizhizhou',19),(247,'广州市','guangzhoushi',20),(248,'深圳市','shenzhenshi',20),(249,'珠海市','zhuhaishi',20),(250,'汕头市','shantoushi',20),(251,'韶关市','shaoguanshi',20),(252,'佛山市','foshanshi',20),(253,'江门市','jiangmenshi',20),(254,'湛江市','zhanjiangshi',20),(255,'茂名市','maomingshi',20),(256,'肇庆市','zhaoqingshi',20),(257,'惠州市','huizhoushi',20),(258,'梅州市','meizhoushi',20),(259,'汕尾市','shanweishi',20),(260,'河源市','heyuanshi',20),(261,'阳江市','yangjiangshi',20),(262,'清远市','qingyuanshi',20),(263,'东莞市','dongguanshi',20),(264,'中山市','zhongshanshi',20),(265,'潮州市','chaozhoushi',20),(266,'揭阳市','jieyangshi',20),(267,'云浮市','yunfushi',20),(268,'兰州市','lanzhoushi',21),(269,'金昌市','jinchangshi',21),(270,'白银市','baiyinshi',21),(271,'天水市','tianshuishi',21),(272,'嘉峪关市','jiayuguanshi',21),(273,'武威市','wuweishi',21),(274,'张掖市','zhangyeshi',21),(275,'平凉市','pingliangshi',21),(276,'酒泉市','jiuquanshi',21),(277,'庆阳市','qingyangshi',21),(278,'定西市','dingxishi',21),(279,'陇南市','longnanshi',21),(280,'临夏回族自治州','linxiahuizuzizhizhou',21),(281,'甘南藏族自治州','gannanzangzuzizhizhou',21),(282,'成都市','chengdoushi',22),(283,'自贡市','zigongshi',22),(284,'攀枝花市','panzhihuashi',22),(285,'泸州市','luzhoushi',22),(286,'德阳市','deyangshi',22),(287,'绵阳市','mianyangshi',22),(288,'广元市','guangyuanshi',22),(289,'遂宁市','suiningshi',22),(290,'内江市','neijiangshi',22),(291,'乐山市','leshanshi',22),(292,'南充市','nanchongshi',22),(293,'眉山市','meishanshi',22),(294,'宜宾市','yibinshi',22),(295,'广安市','guanganshi',22),(296,'达州市','dazhoushi',22),(297,'雅安市','yaanshi',22),(298,'巴中市','bazhongshi',22),(299,'资阳市','ziyangshi',22),(300,'阿坝藏族羌族自治州','abazangzuqiangzuzizhizhou',22),(301,'甘孜藏族自治州','ganzizangzuzizhizhou',22),(302,'凉山彝族自治州','liangshanyizuzizhizhou',22),(303,'贵阳市','guiyangshi',23),(304,'六盘水市','liupanshuishi',23),(305,'遵义市','zunyishi',23),(306,'安顺市','anshunshi',23),(307,'铜仁地区','tongrendiqu',23),(308,'毕节地区','bijiediqu',23),(309,'黔西南布依族苗族自治州','qianxinanbuyizumiaozuzizhizhou',23),(310,'黔东南苗族侗族自治州','qiandongnanmiaozudongzuzizhizhou',23),(311,'黔南布依族苗族自治州','qiannanbuyizumiaozuzizhizhou',23),(312,'海口市','haikoushi',24),(313,'三亚市','sanyashi',24),(314,'五指山市','wuzhishanshi',24),(315,'琼海市','qionghaishi',24),(316,'儋州市','danzhoushi',24),(317,'文昌市','wenchangshi',24),(318,'万宁市','wanningshi',24),(319,'东方市','dongfangshi',24),(320,'澄迈县','chengmaixian',24),(321,'定安县','dinganxian',24),(322,'屯昌县','tunchangxian',24),(323,'临高县','lingaoxian',24),(324,'白沙黎族自治县','baishalizuzizhixian',24),(325,'昌江黎族自治县','changjianglizuzizhixian',24),(326,'乐东黎族自治县','ledonglizuzizhixian',24),(327,'陵水黎族自治县','lingshuilizuzizhixian',24),(328,'保亭黎族苗族自治县','baotinglizumiaozuzizhixian',24),(329,'琼中黎族苗族自治县','qiongzhonglizumiaozuzizhixian',24),(330,'昆明市','kunmingshi',25),(331,'曲靖市','qujingshi',25),(332,'玉溪市','yuxishi',25),(333,'保山市','baoshanshi',25),(334,'昭通市','zhaotongshi',25),(335,'丽江市','lijiangshi',25),(336,'思茅市','simaoshi',25),(337,'临沧市','lincangshi',25),(338,'文山壮族苗族自治州','wenshanzhuangzumiaozuzizhizhou',25),(339,'红河哈尼族彝族自治州','honghehanizuyizuzizhizhou',25),(340,'西双版纳傣族自治州','xishuangbannadaizuzizhizhou',25),(341,'楚雄彝族自治州','chuxiongyizuzizhizhou',25),(342,'大理白族自治州','dalibaizuzizhizhou',25),(343,'德宏傣族景颇族自治州','dehongdaizujingpozuzizhizhou',25),(344,'怒江傈傈族自治州','nujianglilizuzizhizhou',25),(345,'迪庆藏族自治州','diqingzangzuzizhizhou',25),(346,'西宁市','xiningshi',26),(347,'海东地区','haidongdiqu',26),(348,'海北藏族自治州','haibeizangzuzizhizhou',26),(349,'黄南藏族自治州','huangnanzangzuzizhizhou',26),(350,'海南藏族自治州','hainanzangzuzizhizhou',26),(351,'果洛藏族自治州','guoluozangzuzizhizhou',26),(352,'玉树藏族自治州','yushuzangzuzizhizhou',26),(353,'海西蒙古族藏族自治州','haiximengguzuzangzuzizhizhou',26),(354,'西安市','xianshi',27),(355,'铜川市','tongchuanshi',27),(356,'宝鸡市','baojishi',27),(357,'咸阳市','xianyangshi',27),(358,'渭南市','weinanshi',27),(359,'延安市','yananshi',27),(360,'汉中市','hanzhongshi',27),(361,'榆林市','yulinshi',27),(362,'安康市','ankangshi',27),(363,'商洛市','shangluoshi',27),(364,'南宁市','nanningshi',28),(365,'柳州市','liuzhoushi',28),(366,'桂林市','guilinshi',28),(367,'梧州市','wuzhoushi',28),(368,'北海市','beihaishi',28),(369,'防城港市','fangchenggangshi',28),(370,'钦州市','qinzhoushi',28),(371,'贵港市','guigangshi',28),(372,'玉林市','yulinshi',28),(373,'百色市','baiseshi',28),(374,'贺州市','hezhoushi',28),(375,'河池市','hechishi',28),(376,'来宾市','laibinshi',28),(377,'崇左市','chongzuoshi',28),(378,'拉萨市','lasashi',29),(379,'那曲地区','neiqudiqu',29),(380,'昌都地区','changdoudiqu',29),(381,'山南地区','shannandiqu',29),(382,'日喀则地区','rikazediqu',29),(383,'阿里地区','alidiqu',29),(384,'林芝地区','linzhidiqu',29),(385,'银川市','yinchuanshi',30),(386,'石嘴山市','shizuishanshi',30),(387,'吴忠市','wuzhongshi',30),(388,'固原市','guyuanshi',30),(389,'中卫市','zhongweishi',30),(390,'乌鲁木齐市','wulumuqishi',31),(391,'克拉玛依市','kelamayishi',31),(392,'石河子市　','shihezishi　',31),(393,'阿拉尔市','alaershi',31),(394,'图木舒克市','tumushukeshi',31),(395,'五家渠市','wujiaqushi',31),(396,'吐鲁番市','tulufanshi',31),(397,'阿克苏市','akesushi',31),(398,'喀什市','kashenshi',31),(399,'哈密市','hamishi',31),(400,'和田市','hetianshi',31),(401,'阿图什市','atushenshi',31),(402,'库尔勒市','kuerleshi',31),(403,'昌吉市　','changjishi　',31),(404,'阜康市','fukangshi',31),(405,'米泉市','miquanshi',31),(406,'博乐市','boleshi',31),(407,'伊宁市','yiningshi',31),(408,'奎屯市','kuitunshi',31),(409,'塔城市','tachengshi',31),(410,'乌苏市','wusushi',31),(411,'阿勒泰市','aletaishi',31),(412,'呼和浩特市','huhehaoteshi',32),(413,'包头市','baotoushi',32),(414,'乌海市','wuhaishi',32),(415,'赤峰市','chifengshi',32),(416,'通辽市','tongliaoshi',32),(417,'鄂尔多斯市','eerduosishi',32),(418,'呼伦贝尔市','hulunbeiershi',32),(419,'巴彦淖尔市','bayannaoershi',32),(420,'乌兰察布市','wulanchabushi',32),(421,'锡林郭勒盟','xilinguolemeng',32),(422,'兴安盟','xinganmeng',32),(423,'阿拉善盟','alashanmeng',32),(424,'澳门特别行政区','aomentebiexingzhengqu',33),(425,'香港特别行政区','xianggangtebiexingzhengqu',34);

/*Table structure for table `admin` */

DROP TABLE IF EXISTS `admin`;

CREATE TABLE `admin` (
  `tbb_admId` int(11) NOT NULL AUTO_INCREMENT COMMENT '管理员主键',
  `tbb_admName` varchar(20) NOT NULL COMMENT '管理员账号',
  `tbb_admPass` varchar(20) NOT NULL COMMENT '管理员密码',
  `tbb_admSex` char(4) NOT NULL COMMENT '管理员性别',
  `tbb_admEmail` varchar(30) DEFAULT NULL COMMENT '管理员邮箱',
  `tbb_admPhone` varchar(30) DEFAULT NULL COMMENT '管理员电话',
  `tbb_admPermissions` int(11) DEFAULT NULL COMMENT '管理员权限',
  `tbb_admState` int(11) DEFAULT '0' COMMENT '管理员状态',
  PRIMARY KEY (`tbb_admId`)
) ENGINE=InnoDB AUTO_INCREMENT=18 DEFAULT CHARSET=utf8;

/*Data for the table `admin` */

insert  into `admin`(`tbb_admId`,`tbb_admName`,`tbb_admPass`,`tbb_admSex`,`tbb_admEmail`,`tbb_admPhone`,`tbb_admPermissions`,`tbb_admState`) values (1,'admin','admin','男','admin@qq.com','123456789',0,0),(2,'123456','1234561231','女','123456@qq.com','13728906043',1,0),(14,'add','123123','男','2698232419@qq.com','1233131',2,0),(15,'fdsa11111111111','123411','女','1234555@qq.com','1234555',1,0),(16,'javascript:;','asdfasdf','男','2698232419@qq.com','13728906043',3,0),(17,'石杰','shijie','男','1209237719@qq.com','18607461379',1,0);

/*Table structure for table `advertising` */

DROP TABLE IF EXISTS `advertising`;

CREATE TABLE `advertising` (
  `id` int(11) NOT NULL AUTO_INCREMENT COMMENT '主键',
  `img` varchar(100) DEFAULT NULL COMMENT '产品图片地址',
  `adverclasId` int(11) DEFAULT NULL COMMENT '广告分类编号',
  `index` int(11) DEFAULT NULL COMMENT '广告顺序',
  `starttime` datetime DEFAULT NULL COMMENT '开始时间',
  `endtime` datetime DEFAULT NULL COMMENT '结束时间',
  `type` int(11) DEFAULT '0' COMMENT '状态(0为正常,1为删除)',
  PRIMARY KEY (`id`)
) ENGINE=InnoDB AUTO_INCREMENT=52 DEFAULT CHARSET=utf8 COMMENT='广告表';

/*Data for the table `advertising` */

insert  into `advertising`(`id`,`img`,`adverclasId`,`index`,`starttime`,`endtime`,`type`) values (1,'image/ac94d636-c8d3-41de-88d3-770375aa4d31.jpg',101,0,'2018-11-03 09:46:19','2018-11-07 09:46:22',0),(2,'image/f5be490c-ff44-4ebd-8a0d-3c82feb7a132.jpg',101,1,'2018-11-03 09:46:26','2018-11-18 09:46:29',0),(3,'image/d4c8e716-bde2-4253-8c62-cdf3a8c5cbaa.jpg',1201,0,'2018-11-02 09:46:33','2018-11-16 09:46:36',0),(4,'image/7ea00c8d-a37e-430b-91ad-3d6e541fe477.jpg',1202,0,'2018-11-03 09:46:51','2018-11-16 09:46:54',0),(5,'image/01dd00ea-1b45-4539-be76-007c5f15463c.jpg',1401,0,'2018-11-03 17:36:36','2018-11-16 17:36:37',0),(7,'image/1521611480204.jpg',105,0,'2018-11-03 17:40:25','2018-11-17 17:40:28',0),(8,'image/8acac472-a19e-4b2a-bc36-014b0813a145.jpg',107,0,'2018-11-03 19:22:15','2018-11-09 19:22:17',0),(9,'image/1535680831368.jpg',108,0,'2018-11-03 19:33:01','2018-11-15 19:33:05',0),(10,'image/8199a1d8-558a-4480-a07d-ba3a27fc9b82.jpg',109,0,'2018-11-03 19:44:48','2018-11-09 19:44:50',0),(11,'image/16187828-34f3-435e-a759-4ed7c7820aaf.jpg',1111,0,'2018-11-03 20:22:19','2018-11-16 20:22:21',0),(12,'image/2d290c7c-2224-486e-bfb5-c072585910f2.jpg',1112,0,'2018-11-03 20:28:04','2018-11-23 20:28:06',0),(13,'image/b40391a3-6bdf-4871-94e8-e1c20aef7cbd.jpg',1113,0,'2018-11-03 20:28:46','2018-11-30 20:28:48',0),(14,'image/f97be5f7-dcf8-4202-bedf-57732fa2b5a9.jpg',1114,0,'2018-11-03 20:29:12','2018-11-03 20:29:13',0),(15,'image/dbc92952-40bf-45df-81de-64ecbfd3e4d8.jpg',1115,0,'2018-11-03 20:29:37','2018-11-23 20:29:39',0),(16,'image/b489ef59-705c-461e-b985-ce9d39816ffb.jpg',1116,0,'2018-11-02 20:29:58','2018-11-17 20:30:04',1),(17,'image/d17bcb03-9387-4f5a-ba66-5d835b494554.jpg',1111,1,'2018-11-03 20:40:07','2018-11-18 20:40:10',0),(18,'image/3c7cca21-da46-4141-927c-5715947de972.jpg',1111,2,'2018-11-03 20:40:31','2018-11-17 20:40:34',0),(19,'image/95b10e5b-60e7-450d-8968-ed80ebbff2cc.jpg',1111,3,'2018-11-03 20:40:52','2018-11-11 20:40:54',0),(20,'image/d17bcb03-9387-4f5a-ba66-5d835b494554.jpg',1112,1,'2018-11-03 20:59:27','2018-11-10 20:59:30',0),(21,'image/3c7cca21-da46-4141-927c-5715947de972.jpg',1112,2,'2018-11-03 20:59:48','2018-11-10 20:59:52',0),(22,'image/95b10e5b-60e7-450d-8968-ed80ebbff2cc.jpg',1112,3,'2018-11-03 20:59:55','2018-11-10 20:59:59',0),(23,'image/d17bcb03-9387-4f5a-ba66-5d835b494554.jpg',1113,1,'2018-11-03 21:04:16','2018-11-10 21:04:20',0),(24,'image/3c7cca21-da46-4141-927c-5715947de972.jpg',1113,2,'2018-11-03 21:04:23','2018-11-18 21:04:28',0),(25,'image/95b10e5b-60e7-450d-8968-ed80ebbff2cc.jpg',1113,3,'2018-11-03 21:04:33','2018-11-11 21:04:36',0),(26,'image/d17bcb03-9387-4f5a-ba66-5d835b494554.jpg',1114,1,'2018-11-03 21:05:23','2018-11-11 21:05:25',0),(27,'image/3c7cca21-da46-4141-927c-5715947de972.jpg',1114,2,'2018-11-03 21:05:28','2018-11-11 21:05:35',0),(28,'image/95b10e5b-60e7-450d-8968-ed80ebbff2cc.jpg',1114,3,'2018-11-03 21:05:38','2018-11-18 21:05:41',0),(29,'image/d17bcb03-9387-4f5a-ba66-5d835b494554.jpg',1115,1,'2018-11-03 21:06:08','2018-11-11 21:06:10',0),(30,'image/3c7cca21-da46-4141-927c-5715947de972.jpg',1115,2,'2018-11-03 21:06:13','2018-11-11 21:06:15',0),(31,'image/95b10e5b-60e7-450d-8968-ed80ebbff2cc.jpg',1115,3,'2018-11-03 21:06:18','2018-11-10 21:06:21',0),(32,'image/d17bcb03-9387-4f5a-ba66-5d835b494554.jpg',1116,1,'2018-11-03 21:06:51','2018-11-10 21:06:56',0),(33,'image/3c7cca21-da46-4141-927c-5715947de972.jpg',1116,2,'2018-11-02 21:06:58','2018-11-18 21:07:01',0),(34,'image/95b10e5b-60e7-450d-8968-ed80ebbff2cc.jpg',1116,3,'2018-11-03 21:07:04','2018-11-11 21:07:07',0),(41,'/upload/b88f7756-ccc1-4fa9-8a24-96ea3ad76b43.jpg',1,8,'2018-11-05 11:42:38','2018-11-28 11:42:40',0),(42,'/upload/29c65f94-46e9-4e35-a46c-75e820522d97.jpg',1,11,'2018-11-05 11:49:43','2018-11-12 11:49:44',0),(43,'/upload/ce8fafa0-281a-4460-a027-0961ddb5a0c1.jpg',1,8,'2018-11-05 21:23:21','2018-12-01 21:23:22',0),(46,'/upload/3315083a-099e-4cfe-9446-c5b5121bc327.jpg',1,2,'2018-11-05 21:27:46','2018-11-30 21:27:49',0),(47,'/upload/60435867-0dfd-4300-b2ef-3205923f8a05.jpg',1,8,'2018-11-05 21:30:54','2018-11-22 21:30:56',0),(48,'/upload/2a61e6ec-54f5-4ce5-9cf3-8c1756a862b6.jpg',1,11,'2018-11-05 21:31:55','2018-11-05 21:31:56',0),(49,'/upload/e5f0adbf-6fb3-4f48-92b2-bfc7b48ba9ad.png',101,3,'2018-11-14 20:26:23','2018-11-14 20:26:26',0),(50,'/upload/3f5fa98a-99d1-4bb8-8b03-d1257869a074.jpg',101,1,'2018-11-16 09:24:39','2018-12-21 09:24:41',0),(51,'/upload/07b8cfd9-ddd4-4644-8573-7f31a018d0dc.png',101,0,'2018-11-20 17:44:34','2018-11-20 17:44:36',0);

/*Table structure for table `advertising_classify` */

DROP TABLE IF EXISTS `advertising_classify`;

CREATE TABLE `advertising_classify` (
  `id` int(11) NOT NULL AUTO_INCREMENT COMMENT '主键',
  `name` varchar(20) DEFAULT NULL COMMENT '广告分类名称',
  `upid` int(11) DEFAULT NULL COMMENT '上级编号',
  `type` int(2) DEFAULT '0' COMMENT '广告分类状态(0是未删除的，1是代表已删除)',
  PRIMARY KEY (`id`)
) ENGINE=InnoDB AUTO_INCREMENT=1403 DEFAULT CHARSET=utf8 COMMENT='广告分类表';

/*Data for the table `advertising_classify` */

insert  into `advertising_classify`(`id`,`name`,`upid`,`type`) values (1,'首页',0,0),(2,'国内游',0,1),(3,'周边游',0,1),(4,'景点门票',0,1),(5,'定制游',0,0),(6,'亲子游',0,1),(101,'顶部推荐',1,0),(102,'景点门票',1,0),(103,'跟团游',1,0),(104,'自由行',1,0),(105,'当地游',1,0),(106,'特卖',1,0),(107,'大促',1,0),(108,'国内游',1,0),(109,'周边游',1,0),(110,'旅游攻略',1,0),(1111,'长滩岛',110,0),(1112,'张家界',110,0),(1113,'清迈',110,0),(1114,'珠海',110,0),(1115,'大阪',110,0),(1116,'黄山',1116,0),(1201,'景点门票',102,0),(1202,'酒店+景点',102,0),(1401,'酒店+景点',104,0),(1402,'超级自由行',104,0);

/*Table structure for table `advertising_product_record` */

DROP TABLE IF EXISTS `advertising_product_record`;

CREATE TABLE `advertising_product_record` (
  `id` int(11) NOT NULL AUTO_INCREMENT COMMENT '主键',
  `atId` int(11) DEFAULT NULL COMMENT '产品分类编号',
  `scewayId` int(11) DEFAULT NULL COMMENT '路线编号',
  `advertisingid` int(11) DEFAULT NULL COMMENT '广告编号',
  `scenId` int(11) DEFAULT NULL COMMENT '景点编号',
  `hotel_scenId` int(11) DEFAULT NULL COMMENT '酒店加景点',
  PRIMARY KEY (`id`)
) ENGINE=InnoDB AUTO_INCREMENT=9 DEFAULT CHARSET=utf8 COMMENT='广告内容产品记录表';

/*Data for the table `advertising_product_record` */

insert  into `advertising_product_record`(`id`,`atId`,`scewayId`,`advertisingid`,`scenId`,`hotel_scenId`) values (1,3,1,1,NULL,NULL),(2,3,2,2,NULL,NULL),(3,1,3,2,2,1),(4,1,1,47,1,1),(5,1,NULL,48,NULL,NULL),(6,101,NULL,49,NULL,NULL),(7,101,23,50,NULL,NULL),(8,101,NULL,51,NULL,NULL);

/*Table structure for table `attractions` */

DROP TABLE IF EXISTS `attractions`;

CREATE TABLE `attractions` (
  `atid` int(10) NOT NULL AUTO_INCREMENT COMMENT '主键',
  `atrtitle` varchar(20) DEFAULT NULL COMMENT '产品类型名称',
  `apid` int(11) DEFAULT '0' COMMENT '产品分类的上级节点id',
  `type` int(11) DEFAULT '0' COMMENT '产品状态(0是未删除的，1是代表已删除)',
  PRIMARY KEY (`atid`)
) ENGINE=InnoDB AUTO_INCREMENT=106 DEFAULT CHARSET=utf8;

/*Data for the table `attractions` */

insert  into `attractions`(`atid`,`atrtitle`,`apid`,`type`) values (1,'国内游',0,0),(2,'周边游',0,0),(3,'景点门票',0,0),(4,'定制游',0,0),(6,'旅游攻略',0,0),(101,'跟团游',1,0),(102,'自由行',1,0),(103,'当地游',1,0),(104,'半自助游',1,0),(105,'fff',0,0);

/*Table structure for table `collect` */

DROP TABLE IF EXISTS `collect`;

CREATE TABLE `collect` (
  `id` int(11) NOT NULL AUTO_INCREMENT COMMENT '主键编号',
  `userId` int(11) DEFAULT NULL COMMENT '用户id',
  `scenicId` int(11) DEFAULT NULL COMMENT '景点id',
  `scenicwayId` int(11) DEFAULT NULL COMMENT '线路id',
  `hotelId` int(11) DEFAULT NULL COMMENT '酒店id',
  PRIMARY KEY (`id`),
  KEY `userId` (`userId`),
  KEY `scenicId` (`scenicId`),
  KEY `scenicwayId` (`scenicwayId`),
  KEY `hotelId` (`hotelId`),
  CONSTRAINT `collect_ibfk_1` FOREIGN KEY (`userId`) REFERENCES `user` (`id`),
  CONSTRAINT `collect_ibfk_2` FOREIGN KEY (`scenicId`) REFERENCES `scenic` (`id`),
  CONSTRAINT `collect_ibfk_3` FOREIGN KEY (`scenicwayId`) REFERENCES `scenicway` (`id`),
  CONSTRAINT `collect_ibfk_4` FOREIGN KEY (`hotelId`) REFERENCES `hotel` (`id`)
) ENGINE=InnoDB AUTO_INCREMENT=116 DEFAULT CHARSET=utf8 COMMENT='收藏表';

/*Data for the table `collect` */

insert  into `collect`(`id`,`userId`,`scenicId`,`scenicwayId`,`hotelId`) values (65,1,NULL,2,NULL),(70,17,NULL,1,NULL),(71,2,2,NULL,NULL),(80,18,NULL,3,NULL),(113,1,58,NULL,NULL);

/*Table structure for table `cost` */

DROP TABLE IF EXISTS `cost`;

CREATE TABLE `cost` (
  `id` int(11) NOT NULL AUTO_INCREMENT COMMENT '主键',
  `concessionsMoney` double DEFAULT NULL COMMENT '优惠金额',
  `grossAmount` double DEFAULT NULL COMMENT '优惠后的金额',
  `paytime` datetime DEFAULT NULL COMMENT '支付时间',
  `indentId` int(11) DEFAULT NULL COMMENT '订单表外键',
  PRIMARY KEY (`id`),
  KEY `costexplainid` (`paytime`),
  KEY `indentId` (`indentId`),
  CONSTRAINT `cost_ibfk_3` FOREIGN KEY (`indentId`) REFERENCES `indent` (`id`)
) ENGINE=InnoDB AUTO_INCREMENT=60 DEFAULT CHARSET=utf8 COMMENT='费用表';

/*Data for the table `cost` */

insert  into `cost`(`id`,`concessionsMoney`,`grossAmount`,`paytime`,`indentId`) values (1,100,200,'2018-11-14 15:51:43',NULL),(2,10,100,'2018-11-13 11:20:13',NULL),(4,10,100,NULL,33),(5,600,12532,NULL,34),(6,100,17476,NULL,35),(7,100,17476,NULL,38),(8,100,17476,NULL,39),(9,100,17476,NULL,40),(10,100,17476,NULL,41),(11,100,17476,NULL,42),(12,100,17476,NULL,43),(13,100,17476,NULL,44),(14,100,17476,'2018-11-14 16:56:56',45),(15,200,8688,'2018-11-14 19:28:16',47),(16,200,8688,'2018-11-16 01:44:44',48),(17,200,8688,'2018-11-14 19:30:49',49),(18,200,8688,'2018-11-14 20:04:34',50),(19,200,8688,'2018-11-14 20:05:54',51),(20,5,2217,NULL,54),(21,5,2217,'2018-11-15 00:21:17',55),(22,5,2217,'2018-11-15 00:23:27',56),(23,300,6366,'2018-11-15 11:14:33',59),(24,10,100,'2018-11-15 14:50:39',NULL),(25,10,100,NULL,61),(26,10,100,'2018-11-15 14:50:44',NULL),(27,10,100,NULL,63),(28,10,100,'2018-11-15 14:50:47',NULL),(29,10,100,NULL,65),(30,10,100,'2018-11-15 14:51:35',NULL),(31,10,100,NULL,67),(32,300,6266,'2018-11-15 15:55:39',68),(33,300,5555,'2018-11-15 17:06:09',4),(34,NULL,NULL,NULL,73),(35,NULL,NULL,NULL,74),(36,NULL,NULL,NULL,75),(37,NULL,NULL,NULL,76),(38,NULL,NULL,NULL,77),(39,4420,4420,NULL,78),(40,6396,6396,NULL,79),(41,4420,4420,'2018-11-15 21:06:35',80),(42,4420,4420,NULL,81),(43,4420,4420,'2018-11-15 21:52:01',82),(44,4420,4420,NULL,83),(45,4420,4420,NULL,84),(46,4420,4420,NULL,85),(47,4420,4420,'2018-11-15 22:09:20',86),(48,4444,4444,NULL,97),(49,6396,6396,'2018-11-16 00:07:08',98),(50,6396,6396,NULL,99),(51,4420,4420,NULL,100),(52,3223,3223,NULL,104),(53,6396,6396,'2018-11-16 01:50:09',105),(54,3223,3223,NULL,107),(55,6396,6396,'2018-11-16 02:58:01',108),(56,6396,6396,'2018-11-16 02:57:16',109),(57,4000,4000,NULL,110),(58,4000,4000,NULL,111),(59,400,400,'2018-11-16 20:50:53',113);

/*Table structure for table `costexplain` */

DROP TABLE IF EXISTS `costexplain`;

CREATE TABLE `costexplain` (
  `id` int(11) NOT NULL AUTO_INCREMENT COMMENT '主键',
  `content` varchar(20) DEFAULT NULL COMMENT '内容',
  `price` double DEFAULT NULL COMMENT '单价',
  `number` int(4) DEFAULT NULL COMMENT '数量',
  `costId` int(11) DEFAULT NULL COMMENT '费用表外键',
  PRIMARY KEY (`id`),
  KEY `costId` (`costId`),
  CONSTRAINT `costexplain_ibfk_1` FOREIGN KEY (`costId`) REFERENCES `cost` (`id`)
) ENGINE=InnoDB AUTO_INCREMENT=75 DEFAULT CHARSET=utf8 COMMENT='费用详细表';

/*Data for the table `costexplain` */

insert  into `costexplain`(`id`,`content`,`price`,`number`,`costId`) values (1,'测试',1000,1,NULL),(2,'测hi是',100,1,NULL),(3,'测3',100,1,NULL),(4,'测4',100,1,NULL),(7,'基本团费',50,1,4),(8,'大巴',50,1,4),(9,'基本团费',3333,4,5),(10,'基本团费',4444,4,6),(11,'基本团费',4444,4,7),(12,'基本团费',4444,4,8),(13,'基本团费',4444,4,9),(14,'基本团费',4444,4,10),(15,'基本团费',4444,4,11),(16,'基本团费',4444,4,12),(17,'基本团费',4444,4,13),(18,'基本团费',4444,4,14),(19,'基本团费',4444,2,15),(20,'基本团费',4444,2,16),(21,'基本团费',4444,2,17),(22,'基本团费',4444,2,18),(23,'基本团费',4444,2,19),(24,'基本团费',1111,2,20),(25,'基本团费',1111,2,21),(26,'基本团费',1111,2,22),(27,'基本团费',3333,2,23),(28,'测3',100,1,NULL),(29,'测4',100,1,NULL),(30,'测hi是',100,1,NULL),(31,'基本团费',50,1,25),(32,'大巴',50,1,25),(33,'测3',100,1,NULL),(34,'测4',100,1,NULL),(35,'测hi是',100,1,NULL),(36,'基本团费',50,1,27),(37,'大巴',50,1,27),(38,'测3',100,1,NULL),(39,'测4',100,1,NULL),(40,'测hi是',100,1,NULL),(41,'基本团费',50,1,29),(42,'大巴',50,1,29),(43,'测3',100,1,NULL),(44,'测4',100,1,NULL),(45,'测hi是',100,1,NULL),(46,'基本团费',50,1,31),(47,'大巴',50,1,31),(48,'基本团费',3333,2,32),(49,'基本团费',2300,2,34),(50,'基本团费',2300,2,35),(51,'基本团费',2300,2,36),(52,'基本团费',2300,2,37),(53,'基本团费',2300,2,38),(54,'基本团费',2300,2,39),(55,'基本团费',3333,2,40),(56,'基本团费',2300,2,41),(57,'基本团费',2300,2,42),(58,'基本团费',2300,2,43),(59,'基本团费',2300,2,44),(60,'基本团费',2300,2,45),(61,'基本团费',2300,2,46),(62,'基本团费',2300,2,47),(63,'基本团费',2222,2,48),(64,'基本团费',3333,2,49),(65,'基本团费',3333,2,50),(66,'基本团费',2300,2,51),(67,'基本团费',3333,1,52),(68,'基本团费',3333,2,53),(69,'基本团费',3333,1,54),(70,'基本团费',3333,2,55),(71,'基本团费',3333,2,56),(72,'基本团费',2000,2,57),(73,'基本团费',2000,2,58),(74,'基本团费',200,2,59);

/*Table structure for table `coupon` */

DROP TABLE IF EXISTS `coupon`;

CREATE TABLE `coupon` (
  `id` int(11) NOT NULL AUTO_INCREMENT COMMENT '主键id',
  `userId` int(11) DEFAULT NULL COMMENT '用户外键id',
  `couponMoney` double DEFAULT NULL COMMENT '优惠卷金额',
  `couponStatus` int(11) DEFAULT NULL COMMENT '优惠卷状态(0.未使用,1.已使用,2.已过期)',
  `startTime` datetime DEFAULT NULL COMMENT '开始时间',
  `endTime` datetime DEFAULT NULL COMMENT '结束时间',
  PRIMARY KEY (`id`),
  KEY `userId` (`userId`),
  CONSTRAINT `coupon_ibfk_1` FOREIGN KEY (`userId`) REFERENCES `user` (`id`)
) ENGINE=InnoDB AUTO_INCREMENT=3 DEFAULT CHARSET=utf8 COMMENT='优惠卷表';

/*Data for the table `coupon` */

insert  into `coupon`(`id`,`userId`,`couponMoney`,`couponStatus`,`startTime`,`endTime`) values (1,1,10,0,'2018-11-15 22:59:15','2018-11-28 22:59:18'),(2,1,20,1,'2018-11-15 22:59:26','2018-11-24 22:59:28');

/*Table structure for table `customize` */

DROP TABLE IF EXISTS `customize`;

CREATE TABLE `customize` (
  `id` int(11) NOT NULL AUTO_INCREMENT COMMENT '私人定制表id',
  `startcity` varchar(20) DEFAULT NULL COMMENT '出发城市',
  `endcity` varchar(20) DEFAULT NULL COMMENT '到达城市',
  `starttime` date DEFAULT NULL COMMENT '开始时间',
  `endtime` date DEFAULT NULL COMMENT '返回时间',
  `people` int(4) DEFAULT NULL COMMENT '人数',
  `budget` int(11) DEFAULT NULL COMMENT '预算',
  `email` varchar(20) DEFAULT NULL COMMENT '邮箱',
  `phone` varchar(20) DEFAULT NULL COMMENT '电话',
  `username` varchar(20) DEFAULT NULL COMMENT '用户名',
  `name` varchar(20) DEFAULT NULL COMMENT '联系人姓名',
  `state` int(11) DEFAULT NULL COMMENT '状态id',
  `ordernumber` varchar(20) DEFAULT NULL COMMENT '订单编号',
  PRIMARY KEY (`id`),
  KEY `userid` (`username`)
) ENGINE=InnoDB AUTO_INCREMENT=3 DEFAULT CHARSET=utf8;

/*Data for the table `customize` */

insert  into `customize`(`id`,`startcity`,`endcity`,`starttime`,`endtime`,`people`,`budget`,`email`,`phone`,`username`,`name`,`state`,`ordernumber`) values (1,'上海','台北县','2018-11-15','2018-11-17',5,1000,'zhangsan@qq.com','13728900909','shijie','123',1,'20181115200902102443'),(2,'上海','重庆市','2018-11-29','2018-11-30',5,100,'1209237719@qq.com','18607461379','yyp','石杰',0,'20181115235917109657');

/*Table structure for table `discounts` */

DROP TABLE IF EXISTS `discounts`;

CREATE TABLE `discounts` (
  `id` int(11) NOT NULL AUTO_INCREMENT COMMENT '主键',
  `activityid` int(11) DEFAULT NULL COMMENT '活动表外键',
  `scenicwayid` int(11) DEFAULT NULL COMMENT '线路表外键',
  `scenicid` int(11) DEFAULT NULL COMMENT '景点表外键',
  `hotelid` int(11) DEFAULT NULL COMMENT '酒店+门票外键',
  `activity_addressid` int(11) DEFAULT NULL COMMENT '活动地址外键',
  `tickets_typeid` int(11) DEFAULT NULL COMMENT '票种表外键',
  PRIMARY KEY (`id`),
  KEY `activityid` (`activityid`),
  KEY `activity_addressid` (`activity_addressid`),
  KEY `scenicid` (`scenicid`),
  KEY `scenicwayid` (`scenicwayid`),
  KEY `hotelid` (`hotelid`),
  CONSTRAINT `discounts_ibfk_1` FOREIGN KEY (`activityid`) REFERENCES `activity` (`id`),
  CONSTRAINT `discounts_ibfk_5` FOREIGN KEY (`activity_addressid`) REFERENCES `activity_address` (`id`),
  CONSTRAINT `hotelid` FOREIGN KEY (`hotelid`) REFERENCES `hotel_scenic` (`id`),
  CONSTRAINT `scenicid` FOREIGN KEY (`scenicid`) REFERENCES `scenic` (`id`),
  CONSTRAINT `scenicwayid` FOREIGN KEY (`scenicwayid`) REFERENCES `scenicway` (`id`)
) ENGINE=InnoDB AUTO_INCREMENT=25 DEFAULT CHARSET=utf8;

/*Data for the table `discounts` */

insert  into `discounts`(`id`,`activityid`,`scenicwayid`,`scenicid`,`hotelid`,`activity_addressid`,`tickets_typeid`) values (3,1,1,NULL,NULL,NULL,NULL),(6,21,1,NULL,NULL,NULL,NULL),(7,22,2,NULL,NULL,NULL,NULL),(9,27,3,NULL,NULL,NULL,NULL),(10,22,4,NULL,NULL,NULL,NULL),(11,27,6,NULL,NULL,NULL,NULL),(12,45,NULL,60,NULL,2,NULL),(13,45,NULL,51,NULL,2,NULL),(14,45,NULL,56,NULL,4,NULL),(15,45,NULL,57,NULL,4,NULL),(16,45,NULL,58,NULL,3,NULL),(17,45,NULL,59,NULL,3,NULL),(18,45,NULL,66,NULL,2,NULL),(19,45,37,NULL,NULL,2,NULL),(20,45,38,NULL,NULL,2,NULL),(21,45,41,NULL,NULL,3,NULL),(22,45,40,NULL,NULL,5,NULL),(23,45,42,NULL,NULL,4,NULL),(24,27,39,73,NULL,3,NULL);

/*Table structure for table `hint` */

DROP TABLE IF EXISTS `hint`;

CREATE TABLE `hint` (
  `id` int(11) NOT NULL AUTO_INCREMENT COMMENT '主键',
  `content` varchar(500) DEFAULT NULL COMMENT '模板内容',
  `upid` int(11) DEFAULT NULL COMMENT '上层id',
  PRIMARY KEY (`id`)
) ENGINE=InnoDB AUTO_INCREMENT=10 DEFAULT CHARSET=utf8;

/*Data for the table `hint` */

insert  into `hint`(`id`,`content`,`upid`) values (1,'出行警示',0),(2,'行前须知',1),(3,'根据国家法律规定，为确保您的游程顺利，请随身携带并自行保管好您的有效身份证明（12岁以下儿童携带户口簿原件或者护照）。',2),(4,'预定须知',1),(5,'旅游者如系60岁以上（含60岁）人员出游的，本人需充分考虑自身健康状况能够完成本次旅游活动，谨慎出游，建议要有亲友陪同出游，如因旅游者自身身体原因引发疾病或其他损害由旅游者本人承担相关责任。未满18周岁的旅游者请由家属陪同参团为您及您孩子的健康安全，0.8米以上小孩需单独占座，请携带小孩的旅客报名时，向旅社告知您的小孩是否需要占座，否则旅社可能会以安全为由，拒绝接待您的小孩参与本次旅游活动，谢谢配合。',4),(6,'安全须知',0),(7,'1.为了您人身、财产的安全，请您避免在公开场合暴露贵重物品及大量现金。外出时需时刻看管好首饰、相机等随身物品。',6),(8,'出行说明',1),(9,'旅游者参加高原地区旅游或风险旅游项目（包括但不限于：游泳、浮潜、冲浪、漂流等水上活动以及骑马、攀岩、登山等高风 险的活动）或患有不宜出行旅游的病情（包括但不限于：恶性肿瘤、心血管病、高血压、呼吸系统疾病、癫痫、怀孕、精神疾病、身体残疾、糖尿病、传染性疾病、 慢性疾病健康受损），建议在报名前自行前往医疗机构体检或自行咨询医院专业医生意见，以确保自身身体条件能够完成本次旅游活动。',8);

/*Table structure for table `hotel` */

DROP TABLE IF EXISTS `hotel`;

CREATE TABLE `hotel` (
  `id` int(11) NOT NULL AUTO_INCREMENT COMMENT '主键',
  `name` varchar(20) DEFAULT NULL COMMENT '酒店名称',
  `address` varchar(20) DEFAULT NULL COMMENT '地址',
  `iphone` varchar(11) DEFAULT NULL COMMENT '酒店号码',
  `introduce` text COMMENT '酒店介绍',
  `hotelimageid` int(11) DEFAULT NULL COMMENT '酒店图片表外键',
  `roomid` int(11) DEFAULT NULL COMMENT '酒店房间表外键',
  `floor_price` int(11) DEFAULT '0' COMMENT '底价',
  PRIMARY KEY (`id`),
  KEY `hotelimageid` (`hotelimageid`),
  KEY `roomid` (`roomid`),
  CONSTRAINT `hotel_ibfk_1` FOREIGN KEY (`hotelimageid`) REFERENCES `hotelimage` (`id`),
  CONSTRAINT `hotel_ibfk_2` FOREIGN KEY (`roomid`) REFERENCES `room` (`id`)
) ENGINE=InnoDB AUTO_INCREMENT=4 DEFAULT CHARSET=utf8;

/*Data for the table `hotel` */

insert  into `hotel`(`id`,`name`,`address`,`iphone`,`introduce`,`hotelimageid`,`roomid`,`floor_price`) values (1,'测试1','上海','135','测试1酒店',NULL,NULL,0),(2,'测试2','上海','123','测试2酒店',NULL,NULL,0),(3,'测试3','深圳','125','测试3酒店',NULL,NULL,0);

/*Table structure for table `hotel_scenic` */

DROP TABLE IF EXISTS `hotel_scenic`;

CREATE TABLE `hotel_scenic` (
  `id` int(11) NOT NULL AUTO_INCREMENT COMMENT '主键',
  `scenicid` int(11) NOT NULL COMMENT '景点id',
  `hotelid` int(11) NOT NULL COMMENT '酒店id',
  `introduce` varchar(200) NOT NULL COMMENT '酒店+景点介绍',
  `price` double DEFAULT NULL COMMENT '价格',
  PRIMARY KEY (`id`)
) ENGINE=InnoDB AUTO_INCREMENT=4 DEFAULT CHARSET=utf8 COMMENT='酒店+景点表';

/*Data for the table `hotel_scenic` */

insert  into `hotel_scenic`(`id`,`scenicid`,`hotelid`,`introduce`,`price`) values (1,1,1,'上海测试1酒店 测试1景点 游玩',1000),(2,1,2,'上海测试2酒店 测试1景点 游玩',2000),(3,2,3,'深圳测试3酒店 世界之窗景点 游玩',1500);

/*Table structure for table `hotel_scenic_status` */

DROP TABLE IF EXISTS `hotel_scenic_status`;

CREATE TABLE `hotel_scenic_status` (
  `id` int(11) NOT NULL AUTO_INCREMENT COMMENT '主键',
  `puttime` date DEFAULT NULL COMMENT '上架时间',
  `browseCount` int(11) DEFAULT NULL COMMENT '浏览次数',
  `status` int(2) DEFAULT NULL COMMENT '酒店+景点状态（0正常，1删除）',
  `servicingtime` date DEFAULT NULL COMMENT '维护时间',
  `hotel_scenicid` int(11) DEFAULT NULL COMMENT '酒店+景点编号',
  PRIMARY KEY (`id`),
  KEY `hotel_scenicid` (`hotel_scenicid`),
  CONSTRAINT `hotel_scenicid` FOREIGN KEY (`hotel_scenicid`) REFERENCES `hotel_scenic` (`id`)
) ENGINE=InnoDB AUTO_INCREMENT=4 DEFAULT CHARSET=utf8 COMMENT='酒店+景点状态表';

/*Data for the table `hotel_scenic_status` */

insert  into `hotel_scenic_status`(`id`,`puttime`,`browseCount`,`status`,`servicingtime`,`hotel_scenicid`) values (1,'2018-11-02',111,0,NULL,1),(2,'2018-11-02',10,0,NULL,2),(3,'2018-11-02',333,0,NULL,3);

/*Table structure for table `hotelimage` */

DROP TABLE IF EXISTS `hotelimage`;

CREATE TABLE `hotelimage` (
  `id` int(11) NOT NULL AUTO_INCREMENT COMMENT '主键',
  `title` varchar(20) DEFAULT NULL COMMENT '标题',
  `content` varchar(20) DEFAULT NULL COMMENT '内容',
  `path` varchar(20) DEFAULT NULL COMMENT '图片路径',
  PRIMARY KEY (`id`)
) ENGINE=InnoDB DEFAULT CHARSET=utf8;

/*Data for the table `hotelimage` */

/*Table structure for table `indent` */

DROP TABLE IF EXISTS `indent`;

CREATE TABLE `indent` (
  `id` int(11) NOT NULL AUTO_INCREMENT COMMENT '主键',
  `price` double DEFAULT NULL COMMENT '价格',
  `linkmanid` int(11) DEFAULT NULL COMMENT '联系人表外键',
  `commodity` varchar(20) DEFAULT NULL COMMENT '商品名称',
  `indentstatus` int(11) DEFAULT NULL COMMENT '订单状态(0=已付款,1=待付款,2=已取消,3=退款中,4=已退款,5=待评价,6=已评价,7=已删除)',
  `indentdetailsId` int(11) DEFAULT NULL COMMENT '订单详情表id',
  `ordernumber` varchar(30) DEFAULT NULL COMMENT '订单编号(时间戳(yyyyMMddHHmmss)+产品编号+4位随机数)',
  `cancel` varchar(30) DEFAULT NULL COMMENT '取消原因',
  PRIMARY KEY (`id`),
  KEY `linkmanid` (`linkmanid`),
  KEY `indentdetailsId` (`indentdetailsId`),
  CONSTRAINT `indent_ibfk_1` FOREIGN KEY (`linkmanid`) REFERENCES `linkman` (`id`),
  CONSTRAINT `indent_ibfk_2` FOREIGN KEY (`indentdetailsId`) REFERENCES `indentdetails` (`id`)
) ENGINE=InnoDB AUTO_INCREMENT=114 DEFAULT CHARSET=utf8;

/*Data for the table `indent` */

insert  into `indent`(`id`,`price`,`linkmanid`,`commodity`,`indentstatus`,`indentdetailsId`,`ordernumber`,`cancel`) values (1,1000,1,'水上乐园',6,1,'20181113165159108830',''),(3,980,2,'迪士尼',7,2,'20181113165159108831',NULL),(4,5555,1,'测试订单1',1,3,'20181113165159108832',NULL),(6,666,1,'测试订单3',1,10,'20181113165159108833',NULL),(7,1111,1,'长城',7,11,'20181113165159108834',NULL),(8,2222,1,'马王堆',1,12,'20181113165159108835',NULL),(9,111,1,'兵马俑',7,13,'20181113165159108836',NULL),(11,999,1,'兵马俑3',7,15,'20181113165159108837',''),(12,2323,1,'成都欢乐谷',7,16,'20181113165159108838',''),(13,564,1,'成都欢乐谷',7,14,'20181113165159108839',''),(14,231,1,'成都欢乐谷',1,21,'20181113165159108840',''),(15,321,1,'成都欢乐谷',1,20,'20181113165159108841',''),(16,853,1,'成都欢乐谷',1,21,'20181113165159108842',''),(17,435,1,'成都欢乐谷',7,18,'20181113165159108843',NULL),(18,1000,1,'成都欢乐谷123',7,29,'20181113165159108844',''),(19,450,1,'成都欢乐谷',7,17,'20181113165159108845',NULL),(20,324,1,'成都欢乐谷',7,16,'20181113165159108846',NULL),(33,100,7,'测试',7,28,'20181113165159108847',NULL),(34,12532,8,'上海长沙3日游',1,31,'20181113223557103038',NULL),(35,17476,9,'上海2日游',1,32,'20181113234228105030',NULL),(38,17476,12,'上海2日游',1,36,'20181114093734107179',NULL),(39,17476,13,'上海2日游',1,37,'20181114103428104878',NULL),(40,17476,14,'上海2日游',1,38,'20181114103758109267',NULL),(41,17476,15,'上海2日游',1,39,'20181114103821104423',NULL),(42,17476,16,'上海2日游',1,40,'20181114104337105153',NULL),(43,17476,17,'上海2日游',1,41,'20181114104433101400',NULL),(44,17476,18,'上海2日游',1,42,'20181114104530102485',NULL),(45,17476,19,'上海2日游',1,43,'20181114104632101189',NULL),(47,8688,21,'上海2日游',1,45,'20181114192807105030',NULL),(48,8688,22,'上海2日游',4,46,'20181114192950103783',''),(49,8688,23,'上海2日游',1,47,'20181114193042109400',NULL),(50,8688,24,'上海2日游',1,48,'20181114200411107102',NULL),(51,8688,25,'上海2日游',1,49,'20181114200546103731',NULL),(53,67,27,'天坛公园',1,NULL,'20181115001249101076',NULL),(54,2217,28,'长沙3日游',1,52,'20181115001648105564',NULL),(55,2217,29,'长沙3日游',1,53,'20181115001958107810',NULL),(56,2217,30,'长沙3日游',6,54,'20181115002321104249','其他-111'),(57,134,26,'天坛公园',1,53,'20181115003448103828',NULL),(58,99,26,'中央电视塔',0,55,'20181115102516101273',NULL),(59,6366,33,'上海长沙3日游',1,57,'20181115111411103655',NULL),(60,100,1,'增加测试1',7,58,'20181115145039105970',NULL),(61,100,34,'测试',7,59,'20181115145039106448',NULL),(63,100,36,'测试',7,61,'20181115145045107278',NULL),(64,100,1,'增加测试1',7,62,'20181115145048107429',NULL),(65,100,38,'测试',7,63,'20181115145048107292',NULL),(66,100,1,'增加测试1',7,64,'20181115145135101770',NULL),(67,100,40,'测试',7,65,'20181115145135107456',NULL),(68,6266,42,'上海长沙3日游',1,66,'20181115155528104231',NULL),(73,NULL,47,'上海长沙3日游',1,71,'20181115195104109253',NULL),(74,NULL,48,'上海长沙3日游',1,72,'20181115195141102488',NULL),(75,4420,49,'上海长沙3日游',1,73,'20181115195455101095',NULL),(76,4420,50,'上海长沙3日游',1,74,'20181115195536104119',NULL),(77,4420,51,'上海长沙3日游',1,75,'20181115195705107675',NULL),(78,4420,52,'上海长沙3日游',1,76,'20181115195713105829',NULL),(79,6396,53,'上海长沙3日游',1,77,'20181115204853103769',NULL),(80,4420,54,'上海长沙3日游',0,78,'20181115210627104333',NULL),(81,4420,55,'上海长沙3日游',1,79,'20181115212555104203',NULL),(82,4420,56,'上海长沙3日游',0,80,'20181115215151104858',NULL),(83,4420,57,'上海长沙3日游',1,81,'20181115215652104739',NULL),(84,4420,58,'上海长沙3日游',1,82,'20181115220025104362',NULL),(85,4420,59,'上海长沙3日游',1,83,'20181115220219103903',NULL),(86,4420,60,'上海长沙3日游',0,84,'20181115220912105872',NULL),(87,136,NULL,'上海科技馆',1,85,'20181115221347102855',NULL),(88,398,NULL,'广州塔',1,NULL,'20181115221712107810',NULL),(89,168,62,'观澜山水田园旅游文化园',1,NULL,'20181115222333105259',NULL),(92,398,NULL,'广州塔',1,NULL,'20181115234215108076',NULL),(95,504,69,'观澜山水田园旅游文化园',1,91,'20181115235839105003',NULL),(96,1125,70,'东部华侨城',1,92,'20181116000347105534',NULL),(97,4444,71,'天目湖山水园、南山竹海2日巴士跟团游',1,93,'20181116000352102923',NULL),(98,6396,72,'上海长沙3日游',4,94,'20181116000700108729',''),(99,6396,73,'上海长沙3日游',1,95,'20181116000957101035',NULL),(100,4420,74,'上海长沙3日游',1,96,'20181116005334106543',NULL),(101,67,75,'天坛公园',1,97,'20181116011944104467',NULL),(102,1197,76,'上海迪士尼乐园',1,98,'20181116012103107461',NULL),(103,239,77,'上海科技馆',1,99,'20181116014848108589',NULL),(104,3223,78,'上海长沙3日游',1,100,'20181116014859101284',NULL),(105,6396,79,'上海长沙3日游',0,101,'20181116015000109759',NULL),(106,240,80,'观澜山水田园旅游文化园',1,102,'20181116015445104732',NULL),(107,3223,81,'上海长沙3日游',1,103,'20181116022241101391',NULL),(108,6396,82,'上海长沙3日游',0,104,'20181116022520107314',NULL),(109,6396,83,'上海长沙3日游',5,105,'20181116022531103648',NULL),(110,4000,84,'北京7日旅游尊享',1,106,'20181116092312105039',NULL),(111,4000,85,'北京双飞5日跟团游',1,107,'20181116112815107834',NULL),(112,399,86,'上海迪士尼乐园',5,108,'20181116124514106270',NULL),(113,400,87,'北京双飞5日跟团游',5,109,'20181116205046107502',NULL);

/*Table structure for table `indentdetails` */

DROP TABLE IF EXISTS `indentdetails`;

CREATE TABLE `indentdetails` (
  `id` int(11) NOT NULL AUTO_INCREMENT COMMENT '主键',
  `orderstime` datetime DEFAULT NULL COMMENT '下单时间',
  `peopleCount` int(11) DEFAULT NULL COMMENT '人数',
  `copies` int(11) DEFAULT NULL COMMENT '份数',
  `scenicwayId` int(11) DEFAULT NULL COMMENT '线路表外键',
  `starttime` datetime DEFAULT NULL COMMENT '出行时间',
  `endtime` datetime DEFAULT NULL COMMENT '结束时间',
  `userid` int(11) DEFAULT NULL COMMENT '用户id',
  `status` int(4) DEFAULT NULL COMMENT '状态(0=正常,1=删除)',
  `scenicid` int(11) DEFAULT NULL COMMENT '景点表id',
  PRIMARY KEY (`id`),
  KEY `userid` (`userid`),
  CONSTRAINT `userid` FOREIGN KEY (`userid`) REFERENCES `user` (`id`)
) ENGINE=InnoDB AUTO_INCREMENT=110 DEFAULT CHARSET=utf8;

/*Data for the table `indentdetails` */

insert  into `indentdetails`(`id`,`orderstime`,`peopleCount`,`copies`,`scenicwayId`,`starttime`,`endtime`,`userid`,`status`,`scenicid`) values (1,'2018-06-01 00:00:00',1,1,26,'2018-11-01 00:00:00','2018-11-01 00:00:00',5,0,NULL),(2,'2018-11-05 00:00:00',2,2,2,'2018-11-01 00:00:00','2018-11-01 00:00:00',1,0,NULL),(3,'2018-11-05 00:00:00',3,1,3,'2018-11-16 00:00:00','2018-11-20 00:00:00',1,0,NULL),(10,'2018-11-05 00:00:00',3,1,3,'2018-11-05 00:00:00','2018-11-16 00:00:00',1,0,NULL),(11,'2018-11-08 00:00:00',1,1,NULL,'2018-11-08 00:00:00','2018-11-09 00:00:00',2,0,1),(12,'2018-11-08 00:00:00',1,1,1,'2018-11-08 00:00:00','2018-11-16 00:00:00',2,0,NULL),(13,'2018-11-08 00:00:00',1,2,1,'2018-11-08 00:00:00','2018-11-08 00:00:00',2,0,NULL),(14,'2018-11-10 00:00:00',3,1,NULL,'2018-11-08 00:00:00','2018-11-14 00:00:00',8,0,47),(15,'2018-11-08 00:00:00',3,1,NULL,'2018-11-08 00:00:00','2018-11-13 00:00:00',2,0,47),(16,'2018-11-09 00:00:00',5,1,NULL,'2018-11-07 00:00:00','2018-11-11 00:00:00',5,0,47),(17,'2018-11-08 00:00:00',2,1,NULL,'2018-11-08 00:00:00','2018-11-14 00:00:00',4,0,47),(18,'2018-11-08 00:00:00',3,1,NULL,'2018-11-08 00:00:00','2018-11-11 00:00:00',7,0,47),(19,'2018-11-09 00:00:00',3,1,47,'2018-11-10 00:00:00','2018-11-11 00:00:00',2,0,NULL),(20,'2018-11-09 00:00:00',3,2,NULL,'2018-11-09 00:00:00','2018-11-20 00:00:00',6,0,47),(21,'2018-11-09 00:00:00',5,2,NULL,'2018-11-09 00:00:00','2018-11-22 00:00:00',1,0,47),(28,'2018-11-13 00:00:00',10,10,NULL,'2018-11-13 00:00:00','2018-11-13 00:00:00',1,0,51),(29,'2018-11-13 00:00:00',3,1,NULL,'2018-11-13 00:00:00','2018-11-13 00:00:00',1,0,56),(30,'2018-11-13 00:00:00',3,1,NULL,'2018-11-13 00:00:00','2018-11-13 00:00:00',1,0,57),(31,'2018-11-13 00:00:00',4,4,NULL,'2018-11-16 00:00:00','2018-11-19 00:00:00',NULL,0,58),(32,'2018-11-13 00:00:00',4,4,NULL,'2018-11-17 00:00:00','2018-11-19 00:00:00',NULL,0,59),(36,'2018-11-14 00:00:00',4,4,NULL,'2018-11-17 00:00:00','2018-11-19 00:00:00',NULL,0,58),(37,'2018-11-14 00:00:00',4,4,NULL,'2018-11-17 00:00:00','2018-11-19 00:00:00',NULL,0,57),(38,'2018-11-14 00:00:00',4,4,NULL,'2018-11-17 00:00:00','2018-11-19 00:00:00',NULL,0,55),(39,'2018-11-14 00:00:00',4,4,NULL,'2018-11-17 00:00:00','2018-11-19 00:00:00',NULL,0,56),(40,'2018-11-14 00:00:00',4,4,NULL,'2018-11-17 00:00:00','2018-11-19 00:00:00',NULL,0,51),(41,'2018-11-14 00:00:00',4,4,NULL,'2018-11-17 00:00:00','2018-11-19 00:00:00',6,0,51),(42,'2018-11-14 00:00:00',4,4,NULL,'2018-11-17 00:00:00','2018-11-19 00:00:00',1,0,51),(43,'2018-11-14 00:00:00',4,4,NULL,'2018-11-17 00:00:00','2018-11-19 00:00:00',7,0,51),(45,'2018-11-14 00:00:00',2,2,NULL,'2018-11-17 00:00:00','2018-11-19 00:00:00',1,0,56),(46,'2018-11-14 00:00:00',2,2,NULL,'2018-11-17 00:00:00','2018-11-19 00:00:00',1,0,57),(47,'2018-11-14 00:00:00',2,2,NULL,'2018-11-17 00:00:00','2018-11-19 00:00:00',7,0,58),(48,'2018-11-14 00:00:00',2,2,2,'2018-11-17 00:00:00','2018-11-19 00:00:00',17,0,NULL),(49,'2018-11-14 00:00:00',2,2,NULL,'2018-11-17 00:00:00','2018-11-19 00:00:00',7,0,59),(51,'2018-11-15 00:00:00',1,1,NULL,'2018-11-15 00:00:00','2018-11-18 00:00:00',1,0,66),(52,'2018-11-15 00:00:00',2,2,3,'2018-11-25 00:00:00','2018-11-28 00:00:00',6,0,NULL),(53,'2018-11-15 00:00:00',2,2,3,'2018-11-25 00:00:00','2018-11-28 00:00:00',16,0,NULL),(54,'2018-11-15 00:00:00',2,2,3,'2018-11-25 00:00:00','2018-11-28 00:00:00',1,0,NULL),(55,'2018-11-15 00:00:00',2,2,NULL,'2018-11-15 00:00:00','2018-11-17 00:00:00',1,0,66),(56,'2018-11-15 00:00:00',1,1,NULL,'2018-11-15 00:00:00','2018-11-17 00:00:00',1,0,68),(57,'2018-11-15 00:00:00',2,2,1,'2018-11-16 00:00:00','2018-11-19 00:00:00',8,0,NULL),(58,'2018-11-15 00:00:00',1,1,NULL,'2018-11-15 00:00:00','2018-11-15 00:00:00',11,0,57),(59,'2018-11-15 00:00:00',10,10,1,'2018-11-15 00:00:00','2018-11-15 00:00:00',1,0,NULL),(60,'2018-11-15 00:00:00',1,1,NULL,'2018-11-15 00:00:00','2018-11-15 00:00:00',7,0,58),(61,'2018-11-15 00:00:00',10,10,1,'2018-11-15 00:00:00','2018-11-15 00:00:00',1,0,NULL),(62,'2018-11-15 00:00:00',1,1,NULL,'2018-11-15 00:00:00','2018-11-15 00:00:00',5,0,51),(63,'2018-11-15 00:00:00',10,10,1,'2018-11-15 00:00:00','2018-11-15 00:00:00',1,0,NULL),(64,'2018-11-15 00:00:00',1,1,NULL,'2018-11-15 00:00:00','2018-11-15 00:00:00',4,0,56),(65,'2018-11-15 00:00:00',10,10,1,'2018-11-15 00:00:00','2018-11-15 00:00:00',1,0,NULL),(66,'2018-11-15 00:00:00',2,2,1,'2018-11-16 00:00:00','2018-11-19 00:00:00',2,0,NULL),(68,'2018-11-15 00:00:00',3,3,NULL,'2018-11-15 00:00:00','2018-11-17 00:00:00',1,0,68),(69,'2018-11-15 00:00:00',3,3,NULL,'2018-11-15 00:00:00','2018-11-18 00:00:00',1,0,68),(70,'2018-11-15 00:00:00',5,5,NULL,'2018-11-15 00:00:00','2018-11-18 00:00:00',1,0,68),(71,'2018-11-15 00:00:00',2,2,1,'2018-11-15 00:00:00','2018-11-18 00:00:00',NULL,0,NULL),(72,'2018-11-15 00:00:00',2,2,1,'2018-11-15 00:00:00','2018-11-18 00:00:00',NULL,0,NULL),(73,'2018-11-15 00:00:00',2,2,1,'2018-11-15 00:00:00','2018-11-18 00:00:00',NULL,0,NULL),(74,'2018-11-15 00:00:00',2,2,1,'2018-11-15 00:00:00','2018-11-18 00:00:00',NULL,0,NULL),(75,'2018-11-15 00:00:00',2,2,1,'2018-11-15 00:00:00','2018-11-18 00:00:00',NULL,0,NULL),(76,'2018-11-15 00:00:00',2,2,1,'2018-11-15 00:00:00','2018-11-18 00:00:00',NULL,0,NULL),(77,'2018-11-15 00:00:00',2,2,1,'2018-11-16 00:00:00','2018-11-19 00:00:00',NULL,0,NULL),(78,'2018-11-15 00:00:00',2,2,1,'2018-11-15 00:00:00','2018-11-18 00:00:00',NULL,0,NULL),(79,'2018-11-15 00:00:00',2,2,1,'2018-11-15 00:00:00','2018-11-18 00:00:00',NULL,0,NULL),(80,'2018-11-15 00:00:00',2,2,1,'2018-11-15 00:00:00','2018-11-18 00:00:00',NULL,0,NULL),(81,'2018-11-15 00:00:00',2,2,1,'2018-11-15 00:00:00','2018-11-18 00:00:00',17,0,NULL),(82,'2018-11-15 00:00:00',2,2,1,'2018-11-15 00:00:00','2018-11-18 00:00:00',17,0,NULL),(83,'2018-11-15 21:56:52',2,2,1,'2018-11-15 08:00:00','2018-11-18 08:00:00',17,0,NULL),(84,'2018-11-15 21:56:52',2,2,1,'2018-11-15 08:00:00','2018-11-18 08:00:00',NULL,0,NULL),(85,'2018-11-15 22:13:47',1,1,NULL,'2018-11-15 00:00:00',NULL,1,0,51),(86,'2018-11-15 22:17:12',1,1,NULL,'2018-11-17 00:00:00',NULL,1,0,56),(87,'2018-11-15 22:23:33',1,1,NULL,'2018-11-15 00:00:00',NULL,1,0,58),(88,'2018-11-15 23:42:15',1,1,NULL,'2018-11-15 00:00:00',NULL,1,0,56),(89,'2018-11-15 23:45:16',2,2,NULL,'2018-11-16 00:00:00',NULL,18,0,48),(90,'2018-11-15 23:54:10',1,1,NULL,'2018-11-15 00:00:00',NULL,1,0,58),(91,'2018-11-15 23:58:39',3,3,NULL,'2018-11-16 00:00:00',NULL,1,0,58),(92,'2018-11-16 00:03:47',5,5,NULL,'2018-11-17 00:00:00',NULL,1,0,57),(93,'2018-11-16 00:03:52',2,2,8,'2018-11-16 08:00:00','2018-11-18 08:00:00',18,0,NULL),(94,'2018-11-16 00:07:00',2,2,1,'2018-11-16 08:00:00','2018-11-19 08:00:00',NULL,0,NULL),(95,'2018-11-16 00:07:00',2,2,1,'2018-11-16 08:00:00','2018-11-19 08:00:00',NULL,0,NULL),(96,'2018-11-16 00:53:33',2,2,1,'2018-11-15 08:00:00','2018-11-18 08:00:00',19,0,NULL),(97,'2018-11-16 01:19:44',1,1,NULL,'2018-11-21 00:00:00',NULL,19,0,66),(98,'2018-11-16 01:21:03',3,3,NULL,'2018-11-21 00:00:00',NULL,19,0,48),(99,'2018-11-16 01:48:48',1,1,NULL,'2018-11-16 00:00:00','2018-11-17 00:00:00',1,0,51),(100,'2018-11-16 01:48:58',1,1,1,'2018-11-16 08:00:00','2018-11-19 08:00:00',1,0,NULL),(101,'2018-11-16 01:50:00',2,2,1,'2018-11-16 08:00:00','2018-11-19 08:00:00',1,0,NULL),(102,'2018-11-16 01:54:45',2,2,NULL,'2018-11-16 00:00:00','2018-11-17 00:00:00',1,0,58),(103,'2018-11-16 02:22:40',1,1,1,'2018-11-16 08:00:00','2018-11-19 08:00:00',1,0,NULL),(104,'2018-11-16 02:25:20',2,2,1,'2018-11-16 08:00:00','2018-11-19 08:00:00',1,0,NULL),(105,'2018-11-16 02:25:31',2,2,1,'2018-11-16 08:00:00','2018-11-19 08:00:00',1,0,NULL),(106,'2018-11-16 09:23:12',2,2,44,'2018-11-22 08:00:00','2018-11-29 08:00:00',1,0,NULL),(107,'2018-11-16 11:28:15',2,2,23,'2018-11-15 08:00:00','2018-11-22 08:00:00',NULL,0,NULL),(108,'2018-11-16 12:45:14',1,1,NULL,'2018-11-16 00:00:00','2018-11-17 00:00:00',7,0,48),(109,'2018-11-16 20:50:46',2,2,23,'2018-11-22 08:00:00','2018-11-29 08:00:00',NULL,0,NULL);

/*Table structure for table `introduce` */

DROP TABLE IF EXISTS `introduce`;

CREATE TABLE `introduce` (
  `id` int(11) NOT NULL AUTO_INCREMENT COMMENT '主键',
  `inName` varchar(20) DEFAULT NULL COMMENT '景点介绍',
  `inImage` varchar(80) DEFAULT NULL COMMENT '景点介绍图片',
  `inTitle` varchar(50) DEFAULT NULL COMMENT '景点介绍标题',
  `secId` int(10) DEFAULT NULL COMMENT '景点外键',
  PRIMARY KEY (`id`)
) ENGINE=InnoDB DEFAULT CHARSET=utf8;

/*Data for the table `introduce` */

/*Table structure for table `job` */

DROP TABLE IF EXISTS `job`;

CREATE TABLE `job` (
  `id` int(11) NOT NULL AUTO_INCREMENT COMMENT '主键',
  `jobname` varchar(25) DEFAULT NULL COMMENT '职业描述',
  PRIMARY KEY (`id`)
) ENGINE=InnoDB AUTO_INCREMENT=6 DEFAULT CHARSET=utf8;

/*Data for the table `job` */

insert  into `job`(`id`,`jobname`) values (1,'学生'),(2,'职员'),(3,'老师'),(4,'自由职业者'),(5,'退休人员');

/*Table structure for table `keyword` */

DROP TABLE IF EXISTS `keyword`;

CREATE TABLE `keyword` (
  `id` int(11) NOT NULL AUTO_INCREMENT COMMENT '主键',
  `content` varchar(500) DEFAULT NULL COMMENT '关键字内容',
  `type` int(11) DEFAULT NULL COMMENT '状态（0为正常，1为已删除）',
  PRIMARY KEY (`id`)
) ENGINE=InnoDB DEFAULT CHARSET=utf8;

/*Data for the table `keyword` */

/*Table structure for table `linkman` */

DROP TABLE IF EXISTS `linkman`;

CREATE TABLE `linkman` (
  `id` int(11) NOT NULL AUTO_INCREMENT COMMENT '主键',
  `realname` varchar(20) DEFAULT NULL COMMENT '真实姓名',
  `iphone` varchar(11) DEFAULT NULL COMMENT '手机号码',
  `email` varchar(20) DEFAULT NULL COMMENT '邮箱地址',
  PRIMARY KEY (`id`)
) ENGINE=InnoDB AUTO_INCREMENT=88 DEFAULT CHARSET=utf8;

/*Data for the table `linkman` */

insert  into `linkman`(`id`,`realname`,`iphone`,`email`) values (1,' 张三','18607461379','2226558306@qq.com'),(2,'测试1','12345678911','1111111111@qq.com'),(3,'测试2','12345678911','11@qq.com'),(6,'测试','12345678911','11@qq.com'),(7,'测试','12345678911','11@qq.com'),(8,'尹加豪','13560834558','549159289@qq.com'),(9,'尹加豪','12345678911','12345678911@qq.com'),(12,'尹加豪','1222121221','12345678911@qq.com'),(13,'321','12312332123','12345678911@qq.com'),(14,'321','12312332123','12345678911@qq.com'),(15,'321','12312332123','12345678911@qq.com'),(16,'321','12312332123','12345678911@qq.com'),(17,'321','12312332123','12345678911@qq.com'),(18,'321','12312332123','12345678911@qq.com'),(19,'321','13725894561','12345678911@qq.com'),(21,'1232','13725894561','123@qq.com'),(22,'1232','13725894561','123@qq.com'),(23,'1232','13725894561','123@qq.com'),(24,'1232','13725894561','123@qq.com'),(25,'321321','13725894561','123@qq.com'),(26,'保密','12312332123','123@qq.com'),(27,'张三','12312332123','123@qq.com'),(28,'312','13725894561','123@qq.com'),(29,'312','13725894561','123@qq.com'),(30,'312','13725894561','123@qq.com'),(33,'1','1','1'),(34,'测试','12345678911','11@qq.com'),(35,'测试2','12345678911','11@qq.com'),(36,'测试','12345678911','11@qq.com'),(37,'测试2','12345678911','11@qq.com'),(38,'测试','12345678911','11@qq.com'),(39,'测试2','12345678911','11@qq.com'),(40,'测试','12345678911','11@qq.com'),(41,'测试2','12345678911','11@qq.com'),(42,'312','321','321'),(43,'wangwu','13849586665',NULL),(44,'保密123123','13725894561',NULL),(45,'保密123123','13725894561',NULL),(46,'保密44','13728906043',NULL),(47,'321','',''),(48,'321','',''),(49,'321','',''),(50,'321','',''),(51,'321','',''),(52,'321','',''),(53,'321','321','321'),(54,'213','321','321'),(55,'321','',''),(56,'321','321','321'),(57,'','',''),(58,'','',''),(59,'','',''),(60,'','',''),(61,'admin','13894565656',NULL),(62,'123','13725894561',NULL),(63,'123','13856456456',NULL),(64,'123123123','13725894561',NULL),(65,'123123123','13725894561',NULL),(66,'保密','13725894561',NULL),(67,'石杰','18680383029',NULL),(68,'4444','13725894561',NULL),(69,'shijie','13787645890',NULL),(70,'admin','13728906043',NULL),(71,'石杰','18607461379','1209237719@qq.com'),(72,'321','321','321'),(73,'321','321','321'),(74,'石杰','18607461379','1209237719@qq.com'),(75,'石杰','18607461379',NULL),(76,'石杰','18607461379',NULL),(77,'1456546','13725894561',NULL),(78,'321','321','321'),(79,'321','321','321'),(80,'保密789','13725894561',NULL),(81,'321','321','321'),(82,'321','321','321'),(83,'321','321','321'),(84,'石杰','18607461379','1209237719@qq.com'),(85,'1','1','1'),(86,'321','13560834558',NULL),(87,'世界','13560834558','321@qq.com');

/*Table structure for table `mark` */

DROP TABLE IF EXISTS `mark`;

CREATE TABLE `mark` (
  `id` int(11) NOT NULL AUTO_INCREMENT COMMENT '主键',
  `title` varchar(20) DEFAULT NULL COMMENT '打分主题',
  `number` int(11) DEFAULT NULL COMMENT '分值',
  PRIMARY KEY (`id`)
) ENGINE=InnoDB AUTO_INCREMENT=6 DEFAULT CHARSET=utf8;

/*Data for the table `mark` */

insert  into `mark`(`id`,`title`,`number`) values (1,'一颗星',1),(2,'两颗星',2),(3,'三颗星',3),(4,'四颗星',4),(5,'五颗星',5);

/*Table structure for table `meal` */

DROP TABLE IF EXISTS `meal`;

CREATE TABLE `meal` (
  `id` int(11) NOT NULL AUTO_INCREMENT COMMENT '主键',
  `name` varchar(20) DEFAULT NULL COMMENT '套餐名称',
  `price` double DEFAULT NULL COMMENT '套餐价格',
  `hotelid` int(11) DEFAULT NULL COMMENT '酒店表外键',
  `costid` int(11) DEFAULT NULL COMMENT '费用表外键',
  PRIMARY KEY (`id`),
  KEY `hotelid` (`hotelid`),
  KEY `costid` (`costid`),
  CONSTRAINT `meal_ibfk_1` FOREIGN KEY (`hotelid`) REFERENCES `hotel` (`id`),
  CONSTRAINT `meal_ibfk_2` FOREIGN KEY (`costid`) REFERENCES `cost` (`id`)
) ENGINE=InnoDB AUTO_INCREMENT=2 DEFAULT CHARSET=utf8;

/*Data for the table `meal` */

insert  into `meal`(`id`,`name`,`price`,`hotelid`,`costid`) values (1,NULL,3000,1,NULL);

/*Table structure for table `member` */

DROP TABLE IF EXISTS `member`;

CREATE TABLE `member` (
  `id` int(11) NOT NULL AUTO_INCREMENT COMMENT '主键编号',
  `name` varchar(20) NOT NULL COMMENT '会员名',
  `minIntegral` int(11) NOT NULL COMMENT '最小积分',
  `maxIntegral` int(11) NOT NULL COMMENT '最大积分',
  PRIMARY KEY (`id`)
) ENGINE=InnoDB AUTO_INCREMENT=6 DEFAULT CHARSET=utf8 COMMENT='会员表';

/*Data for the table `member` */

insert  into `member`(`id`,`name`,`minIntegral`,`maxIntegral`) values (1,'铜牌会员',1,399),(2,'银牌会员',400,2999),(3,'金牌会员',3000,7999),(4,'铂金会员',8000,19999),(5,'钻石会员',20000,999999999);

/*Table structure for table `nav` */

DROP TABLE IF EXISTS `nav`;

CREATE TABLE `nav` (
  `id` int(10) NOT NULL AUTO_INCREMENT,
  `nname` varchar(20) DEFAULT NULL,
  `iconCla` varchar(20) DEFAULT NULL,
  `pid` int(10) DEFAULT NULL,
  `url` varchar(30) DEFAULT NULL,
  `state` varchar(20) DEFAULT NULL,
  PRIMARY KEY (`id`)
) ENGINE=InnoDB AUTO_INCREMENT=34 DEFAULT CHARSET=utf8;

/*Data for the table `nav` */

insert  into `nav`(`id`,`nname`,`iconCla`,`pid`,`url`,`state`) values (1,'用户管理',NULL,0,NULL,'open'),(2,'商家管理',NULL,0,NULL,'open'),(3,'旅游分类管理',NULL,0,NULL,'open'),(4,'活动管理',NULL,0,NULL,'open'),(5,'订单管理',NULL,0,NULL,'open'),(6,'评论管理',NULL,31,NULL,'close'),(7,'图片管理页面',NULL,0,NULL,'open'),(8,'景点图片管理',NULL,7,'scenicimage-list','close'),(9,'评论列表',NULL,6,NULL,'close'),(10,'分类列表',NULL,3,'product-category','close'),(11,'景点管理',NULL,0,NULL,'open'),(12,'周边游',NULL,31,'swim-around','close'),(13,'定制游',NULL,5,'custom','close'),(14,'亲子游',NULL,31,'product-brand','close'),(15,'国内游',NULL,31,'domestic-travel','close'),(16,'用户列表',NULL,1,'user-list','close'),(17,'意见反馈',NULL,6,'','close'),(18,'管理员列表',NULL,1,'admin-list','close'),(19,'景点门票',NULL,11,'attractions-tickets','close'),(20,'旅游攻略',NULL,31,'travel-guides','close'),(21,'广告',NULL,0,NULL,'open'),(22,'广告分类管理',NULL,21,'Classification-advertising','close'),(23,'活动列表',NULL,4,'activity-list','close'),(24,'活动显示地址分类',NULL,4,'activity-address','close'),(25,'页面广告管理',NULL,21,'advertising_list','close'),(28,'活动类型管理',NULL,4,'activity-type-list','close'),(29,'路线图片管理',NULL,7,'scenwayimage-list','close'),(30,'订单列表',NULL,5,'ident-list','close'),(31,'景点路线',NULL,11,'attractions-line','close'),(32,'商家列表',NULL,2,'conding','close'),(33,'删除的用户',NULL,1,'user-del','close');

/*Table structure for table `oftenuser` */

DROP TABLE IF EXISTS `oftenuser`;

CREATE TABLE `oftenuser` (
  `id` int(11) NOT NULL AUTO_INCREMENT COMMENT '主键编号',
  `realname` varchar(20) NOT NULL COMMENT '真实姓名',
  `sex` int(11) NOT NULL COMMENT '姓别',
  `people` int(11) NOT NULL COMMENT '0.成人 1.儿童',
  `birthday` date NOT NULL COMMENT '出生日期',
  `email` varchar(20) NOT NULL COMMENT '邮箱',
  `paperid` int(11) NOT NULL COMMENT '证件表id 外键',
  `papersdeadline` date NOT NULL COMMENT '证件有效期',
  `iphone` varchar(11) NOT NULL COMMENT '手机号码',
  `userid` int(11) DEFAULT NULL COMMENT '用户表外键',
  PRIMARY KEY (`id`),
  KEY `paperid` (`paperid`),
  KEY `userid` (`userid`),
  CONSTRAINT `oftenuser_ibfk_1` FOREIGN KEY (`paperid`) REFERENCES `papers` (`id`),
  CONSTRAINT `oftenuser_ibfk_2` FOREIGN KEY (`userid`) REFERENCES `user` (`id`)
) ENGINE=InnoDB DEFAULT CHARSET=utf8;

/*Data for the table `oftenuser` */

/*Table structure for table `papers` */

DROP TABLE IF EXISTS `papers`;

CREATE TABLE `papers` (
  `id` int(11) NOT NULL AUTO_INCREMENT COMMENT '主键',
  `papertype` varchar(20) NOT NULL COMMENT '证件类型',
  PRIMARY KEY (`id`)
) ENGINE=InnoDB DEFAULT CHARSET=utf8;

/*Data for the table `papers` */

/*Table structure for table `permissions` */

DROP TABLE IF EXISTS `permissions`;

CREATE TABLE `permissions` (
  `id` int(11) NOT NULL AUTO_INCREMENT COMMENT '主键',
  `nid` int(11) DEFAULT NULL COMMENT '菜单Id',
  `identity` int(11) DEFAULT NULL COMMENT '管理员权限',
  KEY `id` (`id`)
) ENGINE=InnoDB AUTO_INCREMENT=18 DEFAULT CHARSET=utf8;

/*Data for the table `permissions` */

insert  into `permissions`(`id`,`nid`,`identity`) values (1,0,0),(2,2,1),(3,3,1),(4,4,1),(5,5,1),(6,6,1),(7,7,1),(8,11,1),(9,3,2),(10,4,2),(11,5,2),(12,6,2),(13,7,2),(14,4,3),(15,5,3),(16,6,3),(17,7,3);

/*Table structure for table `playman` */

DROP TABLE IF EXISTS `playman`;

CREATE TABLE `playman` (
  `id` int(11) NOT NULL AUTO_INCREMENT COMMENT '主键',
  `realname` varchar(20) DEFAULT NULL COMMENT '真实姓名',
  `iphone` varchar(11) DEFAULT NULL COMMENT '手机号码',
  `linkmanid` int(11) DEFAULT NULL COMMENT '联系人表外键',
  `identity` varchar(18) DEFAULT NULL COMMENT '身份证号',
  PRIMARY KEY (`id`),
  KEY `linkmanid` (`linkmanid`),
  CONSTRAINT `playman_ibfk_1` FOREIGN KEY (`linkmanid`) REFERENCES `linkman` (`id`)
) ENGINE=InnoDB AUTO_INCREMENT=145 DEFAULT CHARSET=utf8;

/*Data for the table `playman` */

insert  into `playman`(`id`,`realname`,`iphone`,`linkmanid`,`identity`) values (1,'石杰','18607461379',1,NULL),(2,'石杰2','18607461379',1,NULL),(3,'石杰3','18607461379',1,NULL),(4,'测试','12345678911',1,''),(13,'测试3','12345678911',7,'431127199905106713'),(14,'测试4','12345678911',7,'431127199905106713'),(15,'尹加豪','13560834558',8,'431127199905106713'),(16,'尹加豪2',NULL,8,'431127199905106713'),(17,'尹加豪3',NULL,8,'431127199905106713'),(18,'尹加豪4',NULL,8,'431127199905106713'),(19,'尹1','12345678911',9,'431127199905106713'),(20,'尹2',NULL,9,'431127199905106713'),(21,'尹3',NULL,9,'431127199905106713'),(22,'尹4',NULL,9,'431127199905106713'),(23,'','',12,''),(24,'',NULL,12,''),(25,'',NULL,12,''),(26,'',NULL,12,''),(27,'','',13,''),(28,'',NULL,13,''),(29,'',NULL,13,''),(30,'',NULL,13,''),(31,'','',14,''),(32,'',NULL,14,''),(33,'',NULL,14,''),(34,'',NULL,14,''),(35,'','',15,''),(36,'',NULL,15,''),(37,'',NULL,15,''),(38,'',NULL,15,''),(39,'','',16,''),(40,'',NULL,16,''),(41,'',NULL,16,''),(42,'',NULL,16,''),(43,'','',17,''),(44,'',NULL,17,''),(45,'',NULL,17,''),(46,'',NULL,17,''),(47,'','',18,''),(48,'',NULL,18,''),(49,'',NULL,18,''),(50,'',NULL,18,''),(51,'','',19,''),(52,'',NULL,19,''),(53,'',NULL,19,''),(54,'',NULL,19,''),(55,'3123','321',21,''),(56,'312321',NULL,21,''),(57,'3123','321',22,''),(58,'312321',NULL,22,''),(59,'3123','321',23,''),(60,'312321',NULL,23,''),(61,'3123','321',24,''),(62,'312321',NULL,24,''),(63,'321','321321',25,''),(64,'321321',NULL,25,'321312'),(65,'','',28,''),(66,'',NULL,28,''),(67,'','',29,''),(68,'',NULL,29,''),(69,'','',30,''),(70,'',NULL,30,''),(71,'1','1',33,'1'),(72,'1',NULL,33,'1'),(73,'测试3','12345678911',34,'431127199905106713'),(74,'测试4','12345678911',34,'431127199905106713'),(75,'测试3','12345678911',NULL,'431127199905106713'),(76,'测试4','12345678911',NULL,'431127199905106713'),(77,'测试','12345678911',1,'431127199905106713'),(78,'测试3','12345678911',36,'431127199905106713'),(79,'测试4','12345678911',36,'431127199905106713'),(80,'测试3','12345678911',NULL,'431127199905106713'),(81,'测试4','12345678911',NULL,'431127199905106713'),(82,'测试','12345678911',1,'431127199905106713'),(83,'测试3','12345678911',38,'431127199905106713'),(84,'测试4','12345678911',38,'431127199905106713'),(85,'测试3','12345678911',NULL,'431127199905106713'),(86,'测试4','12345678911',NULL,'431127199905106713'),(87,'测试','12345678911',1,'431127199905106713'),(88,'测试3','12345678911',40,'431127199905106713'),(89,'测试4','12345678911',40,'431127199905106713'),(90,'测试3','12345678911',NULL,'431127199905106713'),(91,'测试4','12345678911',NULL,'431127199905106713'),(92,'测试','12345678911',1,'431127199905106713'),(93,'321','321',42,'321'),(94,'321',NULL,42,'312'),(95,'','',47,''),(96,'',NULL,47,''),(97,'','',48,''),(98,'',NULL,48,''),(99,'','',49,''),(100,'',NULL,49,''),(101,'','',50,''),(102,'',NULL,50,''),(103,'','',51,''),(104,'',NULL,51,''),(105,'','',52,''),(106,'',NULL,52,''),(107,'321','321',53,'321'),(108,'321',NULL,53,'321'),(109,'321','312',54,'123'),(110,'321',NULL,54,'321'),(111,'321','321',55,'321'),(112,'321',NULL,55,'321'),(113,'321','321',56,'312'),(114,'321',NULL,56,'321'),(115,'','',57,''),(116,'',NULL,57,''),(117,'','',58,''),(118,'',NULL,58,''),(119,'','',59,''),(120,'',NULL,59,''),(121,'','',60,''),(122,'',NULL,60,''),(123,'石杰','18607461379',71,''),(124,'',NULL,71,''),(125,'321','321',72,'321'),(126,'321',NULL,72,'321'),(127,'321','321',73,'321'),(128,'321',NULL,73,'321'),(129,'','',74,''),(130,'',NULL,74,''),(131,'321','321',78,'321'),(132,'321','321',79,'321'),(133,'321',NULL,79,'321'),(134,'321','321',81,'321'),(135,'321','321321',82,'321'),(136,'321',NULL,82,'312'),(137,'321','321',83,'321'),(138,'321',NULL,83,'321'),(139,'','',84,''),(140,'',NULL,84,''),(141,'','',85,''),(142,'',NULL,85,''),(143,'世界','13560834558',87,'431127199905106713'),(144,'世界',NULL,87,'431127199905106713');

/*Table structure for table `remark` */

DROP TABLE IF EXISTS `remark`;

CREATE TABLE `remark` (
  `id` int(11) NOT NULL AUTO_INCREMENT COMMENT '主键',
  `content` text COMMENT '内容',
  `essence` int(11) DEFAULT '0' COMMENT '是否加精（0为不加精，1为加精）',
  `markid` int(11) DEFAULT NULL COMMENT '评论打分表外键',
  `status` int(2) DEFAULT NULL COMMENT '状态',
  `userid` int(11) DEFAULT NULL COMMENT '用户id',
  `indentid` int(11) DEFAULT NULL COMMENT '订单id',
  `remid` int(11) DEFAULT '0' COMMENT '子类id，（回复某评论）',
  PRIMARY KEY (`id`),
  KEY `markid` (`markid`),
  KEY `remark_userid` (`userid`),
  KEY `remark_indentid` (`indentid`),
  CONSTRAINT `remark_ibfk_1` FOREIGN KEY (`markid`) REFERENCES `mark` (`id`),
  CONSTRAINT `remark_indentid` FOREIGN KEY (`indentid`) REFERENCES `indent` (`id`),
  CONSTRAINT `remark_userid` FOREIGN KEY (`userid`) REFERENCES `user` (`id`)
) ENGINE=InnoDB AUTO_INCREMENT=65 DEFAULT CHARSET=utf8;

/*Data for the table `remark` */

insert  into `remark`(`id`,`content`,`essence`,`markid`,`status`,`userid`,`indentid`,`remid`) values (1,'还可以吧，一般一般',1,5,0,2,1,0),(2,'1<img src=\'1.jpg\'>2<img src=\'2.jpg\'>',1,5,0,2,3,0),(3,'还可以吧，一般一般',0,5,0,2,4,0),(5,'还可以吧，一般一般',0,5,0,1,9,0),(6,'还可以吧，一般一般',0,5,0,1,7,0),(8,'第一次带女儿去欢乐谷游玩儿，在驴妈妈上购买的年卡太划算了，昨天下午去办卡，手续很简单，周末人偏多一点，有时间的话可以选择工作日去，每个月至少去一次都不错。坐了两次摩天轮，女儿有点小兴奋，小紧张，问我能不能看到回家的路，哈哈，好可爱。摩天轮的感觉非常好，很浪漫。陪女儿坐了旋转木马，她玩儿得很开心，下次一定早点去，可以多玩儿一些小朋友的项目。现在欢乐谷里面万圣节的氛围很重，有好多各种道具，到了晚上的时候有点小害怕。1.2米以下的小朋友免费，所以趁女儿还小，多带她去玩儿，以后就办亲子卡。',0,5,0,1,16,0),(10,'还可以吧，一般一般',1,5,0,2,20,0),(11,'很好玩啊，下次还去',1,5,0,5,20,10),(12,'很好玩啊，下次还去',0,5,0,5,20,11),(13,'欢乐谷的便捷就在于一票在手，玩转3期。 最近万圣节有很多鬼屋，18:30才开放好稀饭，昆池岩最有感觉。办了好几年年卡，好耍不腻，三期的沙漠拉力赛才巴适，快得我还没刷后就结束了！还有个新项目90度的垂直俯冲，并在下降时停几秒，那种感觉不摆了。其他项目就不说了，表演才是王道，抓壮丁和指针表演千万不要错过，不输专业表演团。里面有肯德基和麦当劳，价格没有太大变化。 年轻人有工作压力和生活压力时可以多去释放释放。劳逸结合善待自己。',1,5,0,5,12,0),(16,'是的是的，表示很好玩的',0,5,0,4,19,8),(28,'很好玩啊，下次还去',0,5,0,7,17,0),(29,'很好玩啊，下次还去',0,4,0,1,14,0),(30,'很好玩啊，下次还去',0,4,0,6,15,0),(31,'很好玩啊，下次还去',0,4,0,1,54,0),(32,'感觉还不错',0,4,0,1,55,0),(33,'感觉还不错',0,4,0,1,56,0),(39,'感觉还不错',0,4,0,1,57,0),(40,'感觉还不错',0,5,0,1,58,0),(41,'太好玩了',0,5,0,1,59,0),(42,'太好玩了',0,3,0,1,60,0),(43,'太好玩了',0,3,0,8,51,0),(44,'太好玩了',0,4,0,8,53,0),(45,'太好玩了',0,4,0,1,57,39),(46,'太好玩了',0,3,0,1,55,10),(47,'太好玩了',0,3,0,1,44,29),(48,'下次还要来',0,3,0,1,66,28),(49,'下次还要来',0,4,0,1,67,30),(50,'下次还要来',0,5,0,1,68,30),(51,'下次还要来',0,5,0,1,60,12),(52,'下次还要来',0,5,0,2,49,0),(53,'真的很好玩\r\n',0,4,0,2,44,47),(54,'下次还要来',0,5,0,8,58,0),(64,'3213123123',0,5,NULL,5,1,0);

/*Table structure for table `remarkimg` */

DROP TABLE IF EXISTS `remarkimg`;

CREATE TABLE `remarkimg` (
  `id` int(11) NOT NULL AUTO_INCREMENT COMMENT '主键',
  `path` varchar(100) DEFAULT NULL COMMENT '图片路径',
  `remarkid` int(11) DEFAULT NULL COMMENT '评论表外键',
  PRIMARY KEY (`id`),
  KEY `remarkid` (`remarkid`),
  CONSTRAINT `remarkimg_ibfk_1` FOREIGN KEY (`remarkid`) REFERENCES `remark` (`id`)
) ENGINE=InnoDB AUTO_INCREMENT=12 DEFAULT CHARSET=utf8;

/*Data for the table `remarkimg` */

insert  into `remarkimg`(`id`,`path`,`remarkid`) values (2,'imgupload/08a13796-bb42-43a1-85b8-981c9751d585.jpg',8),(3,'imgupload/05321dfa-7e25-4913-94e9-1153704a6e77.jpg',8),(6,'imgupload/6198aa16-ba69-478a-9aee-467d126cdc77.png',28),(7,'imgupload/f861d24d-8363-437c-8ec4-61f07a8b20af.jpg',28),(8,'imgupload/57afccc1-652e-4979-95b5-2896ed7736f3.jpg',29),(9,'imgupload/6b43e133-d402-492f-88e9-66a3b0c272dd.JPG',29),(10,'imgupload/73839f59-16a7-4faf-aa25-0ac115cb358d.jpg',30),(11,'imgupload/cb666026-46c8-4d79-a064-7d8d537c8cd5.jpg',30);

/*Table structure for table `remarklike` */

DROP TABLE IF EXISTS `remarklike`;

CREATE TABLE `remarklike` (
  `id` int(11) NOT NULL AUTO_INCREMENT COMMENT '主键id',
  `userid` int(11) DEFAULT NULL COMMENT '用户id',
  `remarkid` int(11) DEFAULT NULL COMMENT '评论id',
  `likenumber` int(11) DEFAULT NULL COMMENT '点赞数',
  PRIMARY KEY (`id`)
) ENGINE=InnoDB AUTO_INCREMENT=30 DEFAULT CHARSET=utf8;

/*Data for the table `remarklike` */

insert  into `remarklike`(`id`,`userid`,`remarkid`,`likenumber`) values (1,1,8,0),(2,2,10,0),(3,5,11,0),(4,6,30,0),(5,7,28,0),(6,5,13,0),(7,1,29,0),(8,5,12,0),(11,1,29,0),(13,6,30,0),(17,1,8,0),(22,5,10,0),(23,1,10,0),(24,1,12,0),(27,5,8,0),(28,1,30,0),(29,2,6,0);

/*Table structure for table `reserve` */

DROP TABLE IF EXISTS `reserve`;

CREATE TABLE `reserve` (
  `id` int(11) NOT NULL AUTO_INCREMENT COMMENT '主键',
  `content` varchar(20) DEFAULT NULL COMMENT '标题内容',
  `upid` int(11) DEFAULT NULL COMMENT '上层id',
  PRIMARY KEY (`id`)
) ENGINE=InnoDB DEFAULT CHARSET=utf8;

/*Data for the table `reserve` */

/*Table structure for table `room` */

DROP TABLE IF EXISTS `room`;

CREATE TABLE `room` (
  `id` int(11) NOT NULL AUTO_INCREMENT COMMENT '主键',
  `type` varchar(20) DEFAULT NULL COMMENT '房间类型',
  `price` double DEFAULT NULL COMMENT '价格',
  PRIMARY KEY (`id`)
) ENGINE=InnoDB DEFAULT CHARSET=utf8;

/*Data for the table `room` */

/*Table structure for table `route` */

DROP TABLE IF EXISTS `route`;

CREATE TABLE `route` (
  `id` int(11) NOT NULL AUTO_INCREMENT COMMENT '外键',
  `title` varchar(20) DEFAULT NULL COMMENT '标题',
  `content` varchar(20) DEFAULT NULL COMMENT '内容',
  `scenicwayid` int(11) DEFAULT NULL COMMENT '线路表外键',
  PRIMARY KEY (`id`),
  KEY `scenicwayid` (`scenicwayid`),
  CONSTRAINT `route_ibfk_1` FOREIGN KEY (`scenicwayid`) REFERENCES `scenicway` (`id`)
) ENGINE=InnoDB DEFAULT CHARSET=utf8;

/*Data for the table `route` */

/*Table structure for table `scenic` */

DROP TABLE IF EXISTS `scenic`;

CREATE TABLE `scenic` (
  `id` int(11) NOT NULL AUTO_INCREMENT COMMENT '主键',
  `scenicname` varchar(20) DEFAULT NULL COMMENT '景点名称',
  `scenicname_pinyin` varchar(100) DEFAULT NULL COMMENT '景点名称的拼音',
  `address` varchar(100) DEFAULT NULL COMMENT '景点地址',
  `province` varchar(20) DEFAULT NULL COMMENT '省',
  `city` varchar(20) DEFAULT NULL COMMENT '城市',
  `hintid` int(11) DEFAULT NULL COMMENT '温馨提示表外键',
  `titleid` int(11) DEFAULT NULL COMMENT '主题类型表外键',
  `introduce` longtext COMMENT '景点描述',
  `floor_price` int(11) DEFAULT '0' COMMENT '底价',
  `headline` varchar(200) DEFAULT NULL COMMENT '景点标题',
  `coverImage` varchar(200) DEFAULT NULL COMMENT '封面图片路径',
  `attractionsid` int(11) DEFAULT NULL COMMENT '景点分类id',
  PRIMARY KEY (`id`),
  KEY `hintid` (`hintid`),
  KEY `titleid` (`titleid`),
  CONSTRAINT `scenic_ibfk_2` FOREIGN KEY (`hintid`) REFERENCES `hint` (`id`),
  CONSTRAINT `scenic_ibfk_3` FOREIGN KEY (`titleid`) REFERENCES `title` (`id`)
) ENGINE=InnoDB AUTO_INCREMENT=86 DEFAULT CHARSET=utf8;

/*Data for the table `scenic` */

insert  into `scenic`(`id`,`scenicname`,`scenicname_pinyin`,`address`,`province`,`city`,`hintid`,`titleid`,`introduce`,`floor_price`,`headline`,`coverImage`,`attractionsid`) values (1,'上海科技馆','shanghaikejiguan','上海市浦东新区世纪大道2000号','上海市','上海市',NULL,16,'测试大街1描述',45,NULL,'imgupload/9c89f08e-a0ff-43e2-9804-880d3d7f281e.jpg',101),(2,'世界之窗','shijiezhichuang','深南大道9037号','广东省','深圳市',NULL,1,'深南大道9037号描述',60,NULL,'imgupload/a641f44c-6abb-45df-bbea-e6840da53ce7_480_320.jpg',NULL),(3,'深圳欢乐谷','shenzhenhuanlegu','南山区华侨城欢乐谷','\r\n广东省','深圳市',NULL,1,'南山区华侨城欢乐谷描述',70,NULL,NULL,NULL),(4,'东部华侨城','dongbuhuaqiaocheng','盐田区大梅沙东部华侨城','广东省','深圳市',NULL,2,'盐田区大梅沙东部华侨城描述',90,NULL,NULL,NULL),(5,'锦绣中华·民俗村','jinxiuzhonghua·minsucun','南山区深南大道9003号','广东省','深圳市 ',NULL,2,'南山区深南大道9003号描述',80,NULL,NULL,NULL),(6,'三角洲岛','sanjiaozhoudao','惠东县巽寮镇巽寮湾附近','广东省','惠州市',NULL,NULL,'惠东县巽寮镇巽寮湾附近描述',55,NULL,NULL,NULL),(7,'长沙街道','changshajiedao','长沙街道','湖南省','长沙市',NULL,NULL,NULL,0,NULL,NULL,NULL),(8,'长沙路','changshalu','changshalu',NULL,NULL,NULL,NULL,NULL,0,NULL,NULL,NULL),(9,'测试4',NULL,NULL,NULL,NULL,NULL,NULL,NULL,0,NULL,NULL,NULL),(10,'测试5',NULL,NULL,NULL,NULL,NULL,NULL,NULL,0,NULL,NULL,NULL),(26,'测试数据1','ceshishuju1','测试数据1','辽宁省','沈阳市',NULL,8,'测试数据1测试数据1测试数据1测试数据1测试数据1',10,'测试数据1','imgupload/15d89d0f-cdc2-42a5-a0fd-c085dc58162a.jpg',NULL),(27,'修改后的测试数据2','xiugaihoudeceshishuju2','修改后的测试数据2','河北省','石家庄市',NULL,5,'<p>修改后的测试数据2修改后的测试数据2修改后的测试数据2修改后的测试数据2修改后的测试数据2修改后的测试数据2</p>',30,'测试数据2','imgupload/067c17b5-ae84-446b-ae57-84d45726ebc8.jpg',NULL),(28,'修改后的数据Sam','xiugaihoudeshujuSam','修改后的数据Sam','西藏自治区','拉萨市',NULL,10,'<p>修改后的数据Sam修改后的数据Sam修改后的数据Sam修改后的数据Sam修改后的数据Sam修改后的数据Sam修改后的数据Sam修改后的数据Sam修改后的数据Sam修改后的数据Sam修改后的数据Sam</p>',40,'测试数据2','imgupload/931f140c-ddc6-4688-bb6f-d1abdf7f2ad1.jpg',NULL),(29,'测试数据4','ceshishuju4','测试数据4','山西省','太原市',NULL,7,'测试数据4测试数据4测试数据4测试数据4测试数据4',10,'测试数据4','imgupload/ae81e623-1f89-405e-90ed-aed737198dae.png',NULL),(30,'测试数据4','ceshishuju4','测试数据4','新疆维吾尔自治区','乌鲁木齐市',NULL,7,'测试数据4测试数据4测试数据4测试数据4测试数据4',10,'测试数据4','imgupload/5c0db390-f115-4337-bc16-c440caffd449.png',NULL),(31,'测试数据5','ceshishuju5','测试数据5','辽宁省','沈阳市',NULL,7,'测试数据5测试数据5测试数据5测试数据5',10,'测试数据5','imgupload/313d3296-5b33-431d-aec8-e292cdf7040f.jpeg',NULL),(32,'测试数据5','ceshishuju5','测试数据5','辽宁省','沈阳市',NULL,7,'测试数据5测试数据5测试数据5测试数据5',10,'测试数据5','imgupload/65d40bc2-0d4b-45f2-963d-f5e2879e7ce4.jpeg',NULL),(33,'测试数据10','ceshishuju10','测试数据10','天津市','天津市',NULL,6,'测试数据10测试数据10测试数据10测试数据10测试数据10',10,'测试数据10','imgupload/76dd852a-1339-472c-88fc-84b0307ab2a1.jpeg',NULL),(34,'测试数据10','ceshishuju10','测试数据10','天津市','天津市',NULL,6,'测试数据10测试数据10测试数据10测试数据10测试数据10',10,'测试数据10','imgupload/07e9bb10-f253-473a-9417-e9cceba8ffcd.jpeg',NULL),(35,'测试数据15','ceshishuju15','测试数据15','北京市','北京市',NULL,9,'测试数据15测试数据15测试数据15测试数据15测试数据15',30,'测试数据15','imgupload/b1331692-cdbb-4312-aa5b-e130988614a1.jpeg',NULL),(36,'测试数据15','ceshishuju15','测试数据15','北京市','北京市',NULL,9,'测试数据15测试数据15测试数据15测试数据15测试数据15',30,'测试数据15','imgupload/d923dcf8-8f0a-4a0f-a6c8-cab2074e372d.jpeg',NULL),(37,'addScenicAll','addScenicAll','addScenicAll','河北省','石家庄市',NULL,9,'addScenicAlladdScenicAlladdScenicAlladdScenicAlladdScenicAlladdScenicAll',30,'addScenicAll','imgupload/82034663-bb25-4448-94b6-d42a3292a19b.jpg',NULL),(38,'addScenicAll','addScenicAll','addScenicAll','河北省','石家庄市',NULL,9,'addScenicAlladdScenicAlladdScenicAlladdScenicAlladdScenicAlladdScenicAll',30,'addScenicAll','imgupload/984d73b7-8bf4-42bc-b0a2-17d32705bf4d.jpg',NULL),(39,'addScenicAll','addScenicAll','addScenicAll','重庆市','重庆市',NULL,5,'addScenicAlladdScenicAlladdScenicAlladdScenicAlladdScenicAll',10,'addScenicAll','imgupload/31c48f64-0d35-464a-8698-f7d6d4fadfd9.jpeg',NULL),(40,'addScenicAll','addScenicAll','addScenicAll','重庆市','重庆市',NULL,5,'addScenicAlladdScenicAlladdScenicAlladdScenicAlladdScenicAll',10,'addScenicAll','imgupload/6527b323-40f8-4a14-ae8d-ae1d5575f39c.jpeg',NULL),(41,'测试数据16','ceshishuju16','测试数据16','重庆市','重庆市',NULL,8,'测试数据16测试数据16测试数据16测试数据16测试数据16测试数据16测试数据16',30,'测试数据16','imgupload/d59e40de-0a94-40d4-baa4-7ae9c22854d9.png',NULL),(43,'测试数据20','ceshishuju20','测试数据20','重庆市','重庆市',NULL,8,'测试数据20测试数据20测试数据20测试数据20',30,'测试数据20','imgupload/233142c4-ad6f-41cf-8d6a-c3ff294d03bf.jpg',NULL),(44,'上海迪士尼乐园','shanghaidishinileyuan','上海','上海市','上海市',NULL,16,'2016年6月16日盛大开幕，为所有年龄层的中国游客呈现令人流连忘返的神奇体验。您将可以探索一个神奇世界，每个人都能在这里点亮心中奇梦。这就是上海迪士尼乐园，充满创造力、冒险精神的快乐天地。',56,'上海迪士尼乐园','imgupload/7dd3452b-9cab-401b-a229-df6309dd1801_180_120.jpg',NULL),(46,'越王楼','yuewanglou','游仙区剑南路东段326号','四川省','绵阳市',NULL,28,'越王楼简介\r\n越王楼，位于四川绵阳龟山之巅，是唐太宗李世民第八子越王李贞任绵州刺史时所建，始建于唐高宗显庆年，其规模宏大、富丽堂皇，楼高十丈（即百尺），时居四大名楼之首（滕王阁高九丈，黄鹤楼高六丈，岳阳楼高三丈）。李白、杜甫、李贺、李商隐、陆游等历代名人登越王楼后曾留下著名诗篇150多首。唐时越王楼十分壮观。首先登上百余级阶梯，进入红色高墙之内，便是越王府，这里是李贞处理政务的地方。',45,'越王楼门票','imgupload/28953b1a-6e4d-40a0-9d37-33b787f14513.jpg',NULL),(47,'成都欢乐谷','chengdouhuanlegu','金牛区西华大道16号','四川省','成都市',NULL,1,'    <!--预订须知--开始-->\r\n<div id=\"policy\" class=\"dbox policy\" xmlns=\"http://www.w3.org/1999/html\">\r\n        <div class=\"dtitle\">\r\n            <h3 class=\"dtit\"><i class=\"icon dicon-policy\"></i>预订须知</h3>\r\n        </div>\r\n        <div class=\"dcontent\">\r\n            <div class=\"darea\">\r\n				<h5>安全须知</h5>\r\n				<p>1.为了您人身、财产的安全，请您避免在公开场合暴露贵重物品及大量现金。外出时需时刻看管好首饰、相机等随身物品。</p>\r\n				<p>2.游泳、漂流、潜水、浮潜、冲浪、快艇、滑雪、滑冰、热气球、高空跳伞、滑翔伞、动力伞、攀岩、登山、骑马、驾驶、温泉、冲沙、索道、蹦极等活动项目，均存在危险。参与前请根据自身条件，充分参考当地相关部门及其它专业机构的相关公告和建议后量力而行。请您在预订前阅读驴妈妈为您整理各项高风险活动的。<strong><a target=\"_blank\" href=\"http://zt.lvmama.com/subject/gaofengxian01-1959\">《安全须知》</a></strong></p>\r\n			</div>\r\n        </div>\r\n    </div><!--预订须知--结束-->\r\n\r\n    <!--优惠活动--开始-->\r\n    <a id=\"jdhd\" style=\"font-size:0; padding-top:35px; display:block;\" hidefocus=\"false\"></a>\r\n    <div id=\"activity\" class=\"dbox activity\">\r\n    <!--如果没有精彩活动，则不显示精彩活动列表-->\r\n        <div class=\"dtitle\">\r\n            <h2 class=\"dtit\"><i class=\"icon dicon-excact\"></i>精彩活动</h2>\r\n        </div>\r\n        <div class=\"dcontent\">\r\n                    <h5>驴妈妈旅游·成都欢乐谷“万圣欢乐节”</h5>\r\n                    <ul class=\"ul\">\r\n                        <li><span class=\"icon dicon-point\"></span>活动时间：2018-10-12&nbsp;-&nbsp;2018-11-09</li>\r\n                        <li><span class=\"icon dicon-point\"></span>活动详情：驴妈妈旅游·成都欢乐谷“万圣欢乐节”</li>\r\n                    <!-- </ul>\r\n                            <img width=\"720\" alt=\"成都欢乐谷驴妈妈旅游·成都欢乐谷“万圣欢乐节”\" src=\"http://pic.lvmama.com//uploads/pc/place2/2018-10-10/0bc871bf-a9d3-4d6f-83b6-eefb9cca3f0b.jpg\">\r\n                            <img width=\"720\" alt=\"成都欢乐谷驴妈妈旅游·成都欢乐谷“万圣欢乐节”\" src=\"http://pic.lvmama.com//uploads/pc/place2/2018-10-10/5916cc05-f879-41fa-a460-5c2a71391e21.jpg\">\r\n                            <img width=\"720\" alt=\"成都欢乐谷驴妈妈旅游·成都欢乐谷“万圣欢乐节”\" src=\"http://pic.lvmama.com//uploads/pc/place2/2018-10-10/c3bfe1fd-100d-48d7-9200-2d03ab6e80b7.jpg\">\r\n                            <img width=\"720\" alt=\"成都欢乐谷驴妈妈旅游·成都欢乐谷“万圣欢乐节”\" src=\"http://pic.lvmama.com//uploads/pc/place2/2018-10-10/26b391da-844b-490a-89ad-601a29d6d381.jpg\">\r\n                            <img width=\"720\" alt=\"成都欢乐谷驴妈妈旅游·成都欢乐谷“万圣欢乐节”\" src=\"http://pic.lvmama.com//uploads/pc/place2/2018-10-10/16f9201b-c337-4e12-895a-d8fcea3eff7c.jpg\">\r\n                            <img width=\"720\" alt=\"成都欢乐谷驴妈妈旅游·成都欢乐谷“万圣欢乐节”\" src=\"http://pic.lvmama.com//uploads/pc/place2/2018-10-10/f0fe6916-7dd6-4281-a7e6-9e5f83324494.jpg\">\r\n                    <hr> -->\r\n        </div>\r\n    </div><!--精彩活动--结束-->\r\n\r\n    <!--景点介绍--开始-->\r\n    <div id=\"introduction\" class=\"dbox introduction\">\r\n        <div class=\"dtitle\">\r\n            <h2 class=\"dtit\"><i class=\"icon dicon-introduction\"></i>景点介绍</h2>\r\n        </div>\r\n	        <div class=\"dcontent\">\r\n	                <h4>您需要知道的“成都欢乐谷”</h4>\r\n	                <div class=\"introduction-ts\">\r\n	                    <p><em>特色1</em>天地双雄-钢筋之躯高耸云天、气势不凡，带给人们奇妙的惊心之。</p>\r\n	                    <p><em>特色2</em>大摆锤-天地之间独有一番惊心动魄。</p>\r\n	                    <p><em>特色3</em>云霄飞龙-犹如置身翻涌的巨浪之尖，乘风破浪、跌宕起伏。</p>\r\n	                    <p><em>特色4</em>加勒比风暴-抛向高高的浪尖，仿佛随时都会被大海吞没。</p>\r\n	                </div>\r\n	                <ul class=\"ul\">\r\n	                        <li></li>\r\n	                </ul>\r\n	\r\n	            <h4>成都欢乐谷简介</h4>\r\n	            <p>成都欢乐谷占地面积约51万平方米，由阳光港区、欢乐时光区、加勒比旋风区、巴蜀迷情区、飞行岛区、魔幻城堡区、飞跃地中海区、欢乐光年区及丝路传奇区九个主题区组成，融合了丰富多彩的演出剧目。这里，奇观美景目不暇接，扣人心扉；歌舞演艺魅力纷呈，打造都市文化盛宴；大型节庆活动更是激情四射，动感之夜永不谢幕。\r\n</p><p>繁华都市开心地，承载着都市人的欢乐梦想，扬帆起航！</p>\r\n	                    <h6><span class=\"icon dicon-point\"></span>欢乐时光区</h6>\r\n	                    <p><span class=\"icon dicon-point\"></span>绽放嘉年华缤纷光彩。</p>\r\n	                            <div class=\"imgbox\">\r\n	                                <img width=\"720\" alt=\"成都欢乐谷欢乐时光区\" src=\"http://pic.lvmama.com//uploads/pc/place2/2014-09-24/1411544891670.jpg\">\r\n	                            </div>\r\n	                    <h6><span class=\"icon dicon-point\"></span>梦幻华侨城</h6>\r\n	                    <p><span class=\"icon dicon-point\"></span>狂欢欢乐谷。</p>\r\n	                            <div class=\"imgbox\">\r\n	                                <img width=\"720\" alt=\"成都欢乐谷梦幻华侨城\" src=\"http://pic.lvmama.com//uploads/pc/place2/2015-05-20/8cecb124-1807-4b01-9342-f945de6819c4.jpg\">\r\n	                            </div>\r\n	                            <div class=\"imgbox\">\r\n	                                <img width=\"720\" alt=\"成都欢乐谷梦幻华侨城\" src=\"http://pic.lvmama.com//uploads/pc/place2/2015-05-20/c4dafc82-0c5c-49e2-a372-79c91669bf30.jpg\">\r\n	                            </div>\r\n	                            <div class=\"imgbox\">\r\n	                                <img width=\"720\" alt=\"成都欢乐谷梦幻华侨城\" src=\"http://pic.lvmama.com//uploads/pc/place2/2015-09-06/b79425aa-5868-4a99-ba69-1c0c83793971.jpg\">\r\n	                            </div>\r\n	                            <div class=\"imgbox\">\r\n	                                <img width=\"720\" alt=\"成都欢乐谷梦幻华侨城\" src=\"http://pic.lvmama.com//uploads/pc/place2/2015-09-06/a2163948-a3ef-4236-a57e-55d96613108f.jpg\">\r\n	                            </div>\r\n	                            <div class=\"imgbox\">\r\n	                                <img width=\"720\" alt=\"成都欢乐谷梦幻华侨城\" src=\"http://pic.lvmama.com//uploads/pc/place2/2015-09-06/3c3e4da0-47b9-4683-8d36-569ae7162722.jpg\">\r\n	                            </div>\r\n	                    <h6><span class=\"icon dicon-point\"></span>阳光港</h6>\r\n	                    <p><span class=\"icon dicon-point\"></span>让欢乐扬帆起航。</p>\r\n	                            <div class=\"imgbox\">\r\n	                                <img width=\"720\" alt=\"成都欢乐谷阳光港\" src=\"http://pic.lvmama.com//uploads/pc/place2/2014-09-24/1411544813613.jpg\">\r\n	                            </div>\r\n	                    <h6><span class=\"icon dicon-point\"></span>飞跃地中海区</h6>\r\n	                    <p><span class=\"icon dicon-point\"></span>畅享大洋澎湃的激情。</p>\r\n	                            <div class=\"imgbox\">\r\n	                                <img width=\"720\" alt=\"成都欢乐谷飞跃地中海区\" src=\"http://pic.lvmama.com//uploads/pc/place2/2014-09-24/1411544995110.jpg\">\r\n	                            </div>\r\n	                    <h6><span class=\"icon dicon-point\"></span>魔幻城堡区</h6>\r\n	                    <p><span class=\"icon dicon-point\"></span>迈入童真的奇幻之旅。</p>\r\n	                            <div class=\"imgbox\">\r\n	                                <img width=\"720\" alt=\"成都欢乐谷魔幻城堡区\" src=\"http://pic.lvmama.com//uploads/pc/place2/2014-09-24/1411545125382.jpg\">\r\n	                            </div>\r\n	                    <h6><span class=\"icon dicon-point\"></span>巴蜀迷情区</h6>\r\n	                    <p><span class=\"icon dicon-point\"></span>踏上惊险的探秘之旅。</p>\r\n	                            <div class=\"imgbox\">\r\n	                                <img width=\"720\" alt=\"成都欢乐谷巴蜀迷情区\" src=\"http://pic.lvmama.com//uploads/pc/place2/2014-09-24/1411545185153.jpg\">\r\n	                            </div>\r\n	                    <h6><span class=\"icon dicon-point\"></span>飞行岛区</h6>\r\n	                    <p><span class=\"icon dicon-point\"></span>漫游蝶飞鱼翔的世外桃源。</p>\r\n	                            <div class=\"imgbox\">\r\n	                                <img width=\"720\" alt=\"成都欢乐谷飞行岛区\" src=\"http://pic.lvmama.com//uploads/pc/place2/2014-09-24/1411545241567.jpg\">\r\n	                            </div>\r\n	                    <h6><span class=\"icon dicon-point\"></span>欢乐光年区</h6>\r\n	                    <p><span class=\"icon dicon-point\"></span>穿越时空的欢乐奇幻之旅。</p>\r\n	                            <div class=\"imgbox\">\r\n	                                <img width=\"720\" alt=\"成都欢乐谷欢乐光年区\" src=\"http://pic.lvmama.com//uploads/pc/place2/2014-09-24/1411545294239.jpg\">\r\n	                            </div>\r\n	                    <h6><span class=\"icon dicon-point\"></span>丝路传奇</h6>\r\n	                    <p><span class=\"icon dicon-point\"></span>从喧嚣的波斯湾集市，到神秘的敦煌飞天，再到千年风蚀的古老卫城和奇妙的卡迪夫绿洲。你将在这里穿过古老的东方城堡、神秘的西亚古城以及浩瀚无垠的沙漠，跟随丝绸之路上的驼队踏上一场极具异域风情的冒险之旅！</p>\r\n	                            <div class=\"imgbox\">\r\n	                                <img width=\"720\" alt=\"成都欢乐谷丝路传奇\" src=\"http://pic.lvmama.com//uploads/pc/place2/2017-09-01/7c7344b5-470f-40d6-ab17-598ac7c70107.jpg\">\r\n	                            </div>\r\n	                            <div class=\"imgbox\">\r\n	                                <img width=\"720\" alt=\"成都欢乐谷丝路传奇\" src=\"http://pic.lvmama.com//uploads/pc/place2/2017-09-01/1e9bbcf9-0150-498e-9fe1-cb24b195d38e.jpg\">\r\n	                            </div>\r\n	                            <div class=\"imgbox\">\r\n	                                <img width=\"720\" alt=\"成都欢乐谷丝路传奇\" src=\"http://pic.lvmama.com//uploads/pc/place2/2017-09-01/6560989a-e609-4e99-af4e-4585bc278b0d.jpg\">\r\n	                            </div>\r\n	                            <div class=\"imgbox\">\r\n	                                <img width=\"720\" alt=\"成都欢乐谷丝路传奇\" src=\"http://pic.lvmama.com//uploads/pc/place2/2017-09-01/3802c431-5b5e-4111-8e46-5ca3aca684cb.jpg\">\r\n	                            </div>\r\n	                            <div class=\"imgbox\">\r\n	                                <img width=\"720\" alt=\"成都欢乐谷丝路传奇\" src=\"http://pic.lvmama.com//uploads/pc/place2/2017-09-01/c2368c15-3694-492d-a652-37989f145a4e.jpg\">\r\n	                            </div>\r\n	                            <div class=\"imgbox\">\r\n	                                <img width=\"720\" alt=\"成都欢乐谷丝路传奇\" src=\"http://pic.lvmama.com//uploads/pc/place2/2017-09-01/ce3c300d-5765-4da6-ac07-b5a5fa422d10.jpg\">\r\n	                            </div>\r\n	                    <h6><span class=\"icon dicon-point\"></span>加勒比水世界</h6>\r\n	                    <p><span class=\"icon dicon-point\"></span>“勇敢者乐园”加勒比海充满了惊险，孕育着无数惊心动魄的浪漫故事。\r\n</p><p>朱利安王子和海伦公主驾着游轮驶向湛蓝的加勒比海，在欢快的海豚成群结队地护航下，开始蜜月之旅。突然，狂风咆哮，滚滚巨浪被掀起，神秘海盗骤然袭来，孤立无援的游轮随时都会遭遇不幸。王子与公主携手并进，率领船员沉着应对，度过了危机，谱写出一段爱的诗章……</p>\r\n	                            <div class=\"imgbox\">\r\n	                                <img width=\"720\" alt=\"成都欢乐谷加勒比水世界\" src=\"http://pic.lvmama.com//uploads/pc/place2/2018-06-11/5c0e7bc1-7274-4637-8833-248d556e42f6.jpg\">\r\n	                            </div>\r\n	                            <div class=\"imgbox\">\r\n	                                <img width=\"720\" alt=\"成都欢乐谷加勒比水世界\" src=\"http://pic.lvmama.com//uploads/pc/place2/2018-06-11/11c07be0-5ef1-4933-a1b0-8f0ace4e1968.jpg\">\r\n	                            </div>\r\n	                            <div class=\"imgbox\">\r\n	                                <img width=\"720\" alt=\"成都欢乐谷加勒比水世界\" src=\"http://pic.lvmama.com//uploads/pc/place2/2018-06-11/9ad7ddb2-e25c-4291-a6cc-52e0bc800f6e.jpg\">\r\n	                            </div>\r\n	                            <div class=\"imgbox\">\r\n	                                <img width=\"720\" alt=\"成都欢乐谷加勒比水世界\" src=\"http://pic.lvmama.com//uploads/pc/place2/2018-06-11/4133804c-b198-41d3-8d38-3be1e1d7f92b.jpg\">\r\n	                            </div>\r\n	        </div>\r\n        <div class=\"darea noline\">\r\n            <h5>温馨提示</h5>\r\n            <p>1.在不能满足设备安全运行的恶劣天气，无法抗拒的自然灾害情况下（如雷电、雨雪、冰雹、大雾、暴雨、台风等），景区部分项目将临时关闭或部分关闭，表演会取消或部分取消。</p>\r\n            <p>2.严禁倒票，一经发现，相关电子门票作废，入园现场将不予承认，驴妈妈旅游网将不予退费并将相关账号、手机号列入黑名单。请广大用户选择驴妈妈官方网站或官方合作渠道购买，维护自身权益不被侵犯。</p>\r\n            <p>3.景区活动内容如有变动，以当日公告为准。景区所有项目均会定期进行日检、周检、月检和年度检修，相关检修工作可能会造成部分项目运行时间的延迟或暂停对游客开放，详情以景区现场公告为准。</p>\r\n            <p>4.为保障您的出游安全，驴妈妈建议您订购在线支付产品时选购相关旅游保险。</p>\r\n        </div>\r\n    </div><!--景点介绍--结束-->\r\n    <!--交通指南--开始-->\r\n    <a id=\"jtzn\" style=\"font-size:0; padding-top:35px; display:block;\" hidefocus=\"false\"></a>\r\n    <div id=\"traffic\" class=\"dbox traffic\">\r\n        <div class=\"dtitle\">\r\n            <h2 class=\"dtit\"><i class=\"icon dicon-traffic\"></i>交通指南</h2>\r\n        </div>\r\n        <div class=\"dcontent\">\r\n            <div class=\"traffic-map\" id=\"traffic-map\" style=\"overflow: hidden; position: relative; z-index: 0; background-color: rgb(243, 241, 236); color: rgb(0, 0, 0); text-align: left;\"><div style=\"overflow: visible; position: absolute; z-index: 0; left: 0px; top: 130px; cursor: url(&quot;http://api.map.baidu.com/images/openhand.cur&quot;) 8 8, default;\"><div class=\"BMap_mask\" style=\"position: absolute; left: 0px; top: -130px; z-index: 9; overflow: hidden; user-select: none; width: 700px; height: 390px;\"></div><div style=\"position: absolute; height: 0px; width: 0px; left: 0px; top: 0px; z-index: 200;\"><div style=\"position: absolute; height: 0px; width: 0px; left: 0px; top: 0px; z-index: 800;\"></div><div style=\"position: absolute; height: 0px; width: 0px; left: 0px; top: 0px; z-index: 700;\"><span class=\"BMap_Marker BMap_noprint\" unselectable=\"on\" \"=\"\" style=\"position: absolute; padding: 0px; margin: 0px; border: 0px; cursor: pointer; background: url(&quot;http://api.map.baidu.com/images/blank.gif&quot;); width: 19px; height: 25px; left: 340px; top: 170px; z-index: -6145456;\" title=\"\"></span></div><div style=\"position: absolute; height: 0px; width: 0px; left: 0px; top: 0px; z-index: 600;\"></div><div style=\"position: absolute; height: 0px; width: 0px; left: 0px; top: 0px; z-index: 500;\"><label class=\"BMapLabel\" unselectable=\"on\" style=\"position: absolute; display: none; cursor: inherit; background-color: rgb(190, 190, 190); border: 1px solid rgb(190, 190, 190); padding: 1px; white-space: nowrap; font: 12px arial, sans-serif; z-index: -20000; color: rgb(190, 190, 190);\">shadow</label></div><div style=\"position: absolute; height: 0px; width: 0px; left: 0px; top: 0px; z-index: 400;\"><span class=\"BMap_Marker\" unselectable=\"on\" style=\"position: absolute; padding: 0px; margin: 0px; border: 0px; width: 0px; height: 0px; left: 340px; top: 170px; z-index: -6145456;\"><div style=\"position: absolute; margin: 0px; padding: 0px; width: 19px; height: 25px; overflow: hidden;\"><img src=\"http://api.map.baidu.com/images/marker_red_sprite.png\" style=\"border:none;left:0px; top:0px; position:absolute;\"></div></span></div><div style=\"position: absolute; height: 0px; width: 0px; left: 0px; top: 0px; z-index: 300;\"><span unselectable=\"on\" style=\"position: absolute; padding: 0px; margin: 0px; border: 0px; width: 20px; height: 11px; left: 344px; top: 184px;\"><div style=\"position: absolute; margin: 0px; padding: 0px; width: 20px; height: 11px; overflow: hidden;\"><img src=\"http://api.map.baidu.com/images/marker_red_sprite.png\" style=\"border:none;left:-19px; top:-13px; position:absolute;\"></div></span></div><div style=\"position: absolute; height: 0px; width: 0px; left: 0px; top: 0px; z-index: 201;\"></div><div style=\"position: absolute; height: 0px; width: 0px; left: 0px; top: 0px; z-index: 200;\"></div></div><div style=\"position: absolute; overflow: visible; top: 0px; left: 0px; z-index: 1;\"><div style=\"position: absolute; overflow: visible; z-index: -100; left: 350px; top: 65px;\"><img src=\"http://online0.map.bdimg.com/tile/?qt=vtile&amp;x=5655&amp;y=1745&amp;z=15&amp;styles=pl&amp;udt=20150518\" style=\"position: absolute; border: none; width: 256px; height: 256px; left: -62px; top: 73px; max-width: none; opacity: 1;\"><img src=\"http://online4.map.bdimg.com/tile/?qt=vtile&amp;x=5654&amp;y=1745&amp;z=15&amp;styles=pl&amp;udt=20150518\" style=\"position: absolute; border: none; width: 256px; height: 256px; left: -318px; top: 73px; max-width: none; opacity: 1;\"><img src=\"http://online0.map.bdimg.com/tile/?qt=vtile&amp;x=5654&amp;y=1746&amp;z=15&amp;styles=pl&amp;udt=20150518\" style=\"position: absolute; border: none; width: 256px; height: 256px; left: -318px; top: -183px; max-width: none; opacity: 1;\"><img src=\"http://online1.map.bdimg.com/tile/?qt=vtile&amp;x=5656&amp;y=1745&amp;z=15&amp;styles=pl&amp;udt=20150518\" style=\"position: absolute; border: none; width: 256px; height: 256px; left: 194px; top: 73px; max-width: none; opacity: 1;\"><img src=\"http://online1.map.bdimg.com/tile/?qt=vtile&amp;x=5655&amp;y=1746&amp;z=15&amp;styles=pl&amp;udt=20150518\" style=\"position: absolute; border: none; width: 256px; height: 256px; left: -62px; top: -183px; max-width: none; opacity: 1;\"><img src=\"http://online4.map.bdimg.com/tile/?qt=vtile&amp;x=5653&amp;y=1746&amp;z=15&amp;styles=pl&amp;udt=20150518\" style=\"position: absolute; border: none; width: 256px; height: 256px; left: -574px; top: -183px; max-width: none; opacity: 1;\"><img src=\"http://online2.map.bdimg.com/tile/?qt=vtile&amp;x=5656&amp;y=1746&amp;z=15&amp;styles=pl&amp;udt=20150518\" style=\"position: absolute; border: none; width: 256px; height: 256px; left: 194px; top: -183px; max-width: none; opacity: 1;\"><img src=\"http://online3.map.bdimg.com/tile/?qt=vtile&amp;x=5653&amp;y=1745&amp;z=15&amp;styles=pl&amp;udt=20150518\" style=\"position: absolute; border: none; width: 256px; height: 256px; left: -574px; top: 73px; max-width: none; opacity: 1;\"><img src=\"http://online3.map.bdimg.com/tile/?qt=vtile&amp;x=5656&amp;y=1747&amp;z=15&amp;styles=pl&amp;udt=20150518\" style=\"position: absolute; border: none; width: 256px; height: 256px; left: 194px; top: -439px; max-width: none; opacity: 1;\"><img src=\"http://online0.map.bdimg.com/tile/?qt=vtile&amp;x=5653&amp;y=1747&amp;z=15&amp;styles=pl&amp;udt=20150518\" style=\"position: absolute; border: none; width: 256px; height: 256px; left: -574px; top: -439px; max-width: none; opacity: 1;\"><img src=\"http://online2.map.bdimg.com/tile/?qt=vtile&amp;x=5655&amp;y=1747&amp;z=15&amp;styles=pl&amp;udt=20150518\" style=\"position: absolute; border: none; width: 256px; height: 256px; left: -62px; top: -439px; max-width: none; opacity: 1;\"><img src=\"http://online1.map.bdimg.com/tile/?qt=vtile&amp;x=5654&amp;y=1747&amp;z=15&amp;styles=pl&amp;udt=20150518\" style=\"position: absolute; border: none; width: 256px; height: 256px; left: -318px; top: -439px; max-width: none; opacity: 1;\"></div></div><div style=\"position: absolute; overflow: visible; top: 0px; left: 0px; z-index: 2;\"></div></div><div class=\" anchorBL\" style=\"height: 32px; position: absolute; z-index: 10; text-size-adjust: none; bottom: 0px; right: auto; top: auto; left: 1px;\"><a title=\"到百度地图查看此区域\" target=\"_blank\" href=\"http://map.baidu.com/?sr=1\" style=\"outline: none;\"><img style=\"border:none;width:77px;height:32px\" src=\"http://api.map.baidu.com/images/copyright_logo.png\"></a></div><div id=\"zoomer\" style=\"position:absolute;z-index:0;top:0px;left:0px;overflow:hidden;visibility:hidden;cursor:url(http://api.map.baidu.com/images/openhand.cur) 8 8,default\"><div class=\"BMap_zoomer\" style=\"top:0;left:0;\"></div><div class=\"BMap_zoomer\" style=\"top:0;right:0;\"></div><div class=\"BMap_zoomer\" style=\"bottom:0;left:0;\"></div><div class=\"BMap_zoomer\" style=\"bottom:0;right:0;\"></div></div><div unselectable=\"on\" class=\" BMap_stdMpCtrl BMap_stdMpType0 BMap_noprint anchorTL\" style=\"width: 62px; height: 192px; bottom: auto; right: auto; top: 10px; left: 10px; position: absolute; z-index: 1100; text-size-adjust: none;\"><div class=\"BMap_stdMpPan\" style=\"background-position: 0px 0px;\"><div class=\"BMap_button BMap_panN\" title=\"向上平移\"></div><div class=\"BMap_button BMap_panW\" title=\"向左平移\"></div><div class=\"BMap_button BMap_panE\" title=\"向右平移\"></div><div class=\"BMap_button BMap_panS\" title=\"向下平移\"></div><div class=\"BMap_stdMpPanBg BMap_smcbg\"></div></div><div class=\"BMap_stdMpZoom\" style=\"height: 147px; width: 62px;\"><div class=\"BMap_button BMap_stdMpZoomIn\" title=\"放大一级\"><div class=\"BMap_smcbg\"></div></div><div class=\"BMap_button BMap_stdMpZoomOut\" title=\"缩小一级\" style=\"top: 126px;\"><div class=\"BMap_smcbg\"></div></div><div class=\"BMap_stdMpSlider\" style=\"height: 108px;\"><div class=\"BMap_stdMpSliderBgTop\" style=\"height: 108px;\"><div class=\"BMap_smcbg\"></div></div><div class=\"BMap_stdMpSliderBgBot\" style=\"top: 25px; height: 87px;\"></div><div class=\"BMap_stdMpSliderMask\" title=\"放置到此级别\"></div><div class=\"BMap_stdMpSliderBar\" title=\"拖动缩放\" style=\"cursor: url(&quot;http://api.map.baidu.com/images/openhand.cur&quot;) 8 8, default; top: 25px;\"><div class=\"BMap_smcbg\"></div></div></div><div class=\"BMap_zlHolder\"><div class=\"BMap_zlSt\"><div class=\"BMap_smcbg\"></div></div><div class=\"BMap_zlCity\"><div class=\"BMap_smcbg\"></div></div><div class=\"BMap_zlProv\"><div class=\"BMap_smcbg\"></div></div><div class=\"BMap_zlCountry\"><div class=\"BMap_smcbg\"></div></div></div></div></div><div unselectable=\"on\" class=\" BMap_omCtrl BMap_ieundefined BMap_noprint anchorBR quad4\" style=\"width: 13px; height: 13px; bottom: 0px; right: 0px; top: auto; left: auto; position: absolute; z-index: 10; text-size-adjust: none;\"><div class=\"BMap_omOutFrame\" style=\"width: 149px; height: 149px;\"><div class=\"BMap_omInnFrame\" style=\"bottom: auto; right: auto; top: 5px; left: 5px; width: 142px; height: 142px;\"><div class=\"BMap_omMapContainer\"></div><div class=\"BMap_omViewMv\" style=\"cursor: url(&quot;http://api.map.baidu.com/images/openhand.cur&quot;) 8 8, default;\"><div class=\"BMap_omViewInnFrame\"><div></div></div></div></div></div><div class=\"BMap_omBtn BMap_omBtnClosed\" style=\"bottom: 0px; right: 0px; top: auto; left: auto;\"></div></div><div unselectable=\"on\" class=\" BMap_scaleCtrl BMap_noprint anchorBL\" style=\"bottom: 18px; right: auto; top: auto; left: 81px; width: 77px; position: absolute; z-index: 10; text-size-adjust: none;\"><div class=\"BMap_scaleTxt\" unselectable=\"on\" style=\"background-color: transparent; color: black;\">500&nbsp;米</div><div class=\"BMap_scaleBar BMap_scaleHBar\" style=\"background-color: black;\"><img style=\"border:none\" src=\"http://api.map.baidu.com/images/mapctrls.png\"></div><div class=\"BMap_scaleBar BMap_scaleLBar\" style=\"background-color: black;\"><img style=\"border:none\" src=\"http://api.map.baidu.com/images/mapctrls.png\"></div><div class=\"BMap_scaleBar BMap_scaleRBar\" style=\"background-color: black;\"><img style=\"border:none\" src=\"http://api.map.baidu.com/images/mapctrls.png\"></div></div><div unselectable=\"on\" class=\" BMap_cpyCtrl BMap_noprint anchorBL\" style=\"cursor: default; white-space: nowrap; color: black; background: none; font: 11px/15px arial, sans-serif; bottom: 2px; right: auto; top: auto; left: 81px; position: absolute; z-index: 10; text-size-adjust: none;\"><span _cid=\"1\" style=\"display: inline;\"><span style=\"background: rgba(255, 255, 255, 0.701961);padding: 0px 1px;line-height: 16px;display: inline;height: 16px;\">©&nbsp;2018 Baidu - GS(2016)2089号 - 甲测资字1100930 - 京ICP证030173号 - Data © 长地万方</span></span></div></div>\r\n            <div class=\"nchTrafficDerc clearfix\">\r\n                <div class=\"nchTrafficNav\">\r\n                    <ul>\r\n                                <li class=\"cur\"><b>公交车</b><i><span></span></i></li>\r\n                                <li><b>轨道交通</b><i><span></span></i></li>\r\n                                <li><b>自驾车</b><i><span></span></i></li>\r\n                    </ul>\r\n                </div>\r\n                    <div class=\"nchTrafficTab\" style=\"display: block;\">\r\n                    <div class=\"nchTrafficProgra\">\r\n                    <p>1、乘坐36路、48路到华侨城站下车即到；</p><p>2、乘坐3、22、75、93、101、109路在九里堤下车，再转乘88、95、119、362、365路在华侨城站下车即到。</p><br>\r\n                    </div>\r\n                    </div>\r\n                    <div class=\"nchTrafficTab\" style=\"display: none;\">\r\n                    <div class=\"nchTrafficProgra\">\r\n                    <p>乘坐地铁2号线到茶店子站，再转乘749、663路到华侨城站即达。</p><br>\r\n                    </div>\r\n                    </div>\r\n                    <div class=\"nchTrafficTab\" style=\"display: none;\">\r\n                    <div class=\"nchTrafficProgra\">\r\n                    <p>市区内走三环路在交大立交下，或沿交大路前行过交大立交即到欢乐谷。</p><br>\r\n                    </div>\r\n                    </div>\r\n                <div class=\"nchTrafficFixed\">*&nbsp;以上交通信息是小驴推荐，仅供参考。如有出入，请以实际情况为准。</div>\r\n            </div>\r\n        </div>\r\n    </div><!--交通指南--结束-->',1729,'成都门票预购/团购','imgupload/a3405abb-71b4-408e-bdc6-de589ee53bd9.jpg',NULL),(48,'上海迪士尼乐园','shanghaidishinileyuan','上海市浦东新区上海迪士尼度假区','上海市','上海市',NULL,16,'<div class=\"dmain\">\r\n\r\n    <!--组装产品详情-->\r\n\r\n\r\n\r\n    <!--预订须知--开始-->\r\n\r\n<div id=\"policy\" class=\"dbox policy\" xmlns=\"http://www.w3.org/1999/html\">\r\n\r\n        <div class=\"dtitle\">\r\n\r\n            <h3 class=\"dtit\"><i class=\"icon dicon-policy\"></i>预订须知</h3>\r\n\r\n        </div>\r\n\r\n        <div class=\"dcontent\">\r\n\r\n            <div class=\"dactive\">\r\n\r\n                <!-- 多了个嵌套 darea-->\r\n\r\n                    <div class=\"darea\">\r\n\r\n                    <h5>免票政策</h5>\r\n\r\n                         <p>a. 1.0米（含）以下的儿童免票。</p><p>* 以上信息仅供参考，具体以景区当日信息为准。</p>\r\n\r\n                    </div>\r\n\r\n\r\n\r\n                <div class=\"darea\">\r\n\r\n                						<h5> 优惠政策</h5>\r\n\r\n                                        <p>\r\n\r\n                                            a. 景区规定统一售价，暂无其他享优惠政策。</p><p>* 以上信息仅供参考，具体以景区当日信息为准。</p><p>\r\n\r\n                                        </p>\r\n\r\n                </div>\r\n\r\n                    <div class=\"darea noline\">\r\n\r\n						<h5> 重要说明</h5>\r\n\r\n						<p>\r\n\r\n							乐园门票免责声明\r\n\r\n</p><p>未经同意上海迪士尼度假区门票（以下简称门票）及其他尊享礼遇不可转让及退款，除非法律另有规定。门票及其他尊享礼遇一经私自改动立即作废。 门票不适用于另行收费的特别活动。指定日门票可在尚有余票且补足票价差额的前提下，于有效日的两日前更换两次等值或者更高价值的指定日门票。从我公司（或合作伙伴名称）购票的游客必须在我公司（或合作伙伴名称）处完成更换或更改事宜。上海迪士尼度假区有权不定期而更改乐园或乐园内任何游乐项目的开放时间、临时关闭乐园或乐园内的任何部分区域、控制入园人数、暂停或取消任何游乐项目或娱乐演出。入园时或要求提供身份和资格证明。进入上海迪士尼乐园须遵守乐园的《游客须知》，可通过上海迪士尼度假区的网站(https://www.shanghaidisneyresort.com/rules)获取（或提供合作伙伴的包含相同内容的有效路径）。门票仅供本人在有效期内使用。在乐园入口处，您将被拍照，作为门票持票人的身份认证。若您同一天内多次入园，必须出示门票。上海迪士尼可在乐园内摄像、摄影和/或录音, 您进入乐园将视为您同意被摄像、摄影和/或录音，并同意上海迪士尼将包含您肖像和/或声音的影像和/或录音用于其内部业务、行政和运营目的或其他直接相关的目的，用于满足法律、安全或保安要求的目的，或其它合法目的。上海迪士尼不对非因其过错而导致的电脑错误或者未经授权的乐园门票的复制或销售导致的损失负责。请至https://www.shanghaidisneyresort.com/tickets/terms-conditions（或提供合作伙伴的包含相同内容的有效路径）。查看完整的乐园购票须知。本免责声明中提及的“上海迪士尼”指“上海国际主题乐园有限公司”或“上海国际主题乐园和度假区管理有限公司”或以上两者。\r\n\r\n						</p>\r\n\r\n					</div>\r\n\r\n            </div>\r\n\r\n            <div class=\"darea\">\r\n\r\n				<h5>安全须知</h5>\r\n\r\n				<p>1.为了您人身、财产的安全，请您避免在公开场合暴露贵重物品及大量现金。外出时需时刻看管好首饰、相机等随身物品。</p>\r\n\r\n				<p>2.游泳、漂流、潜水、浮潜、冲浪、快艇、滑雪、滑冰、热气球、高空跳伞、滑翔伞、动力伞、攀岩、登山、骑马、驾驶、温泉、冲沙、索道、蹦极等活动项目，均存在危险。参与前请根据自身条件，充分参考当地相关部门及其它专业机构的相关公告和建议后量力而行。请您在预订前阅读驴妈妈为您整理各项高风险活动的。<strong><a target=\"_blank\" href=\"http://zt.lvmama.com/subject/gaofengxian01-1959\">《安全须知》</a></strong></p>\r\n\r\n			</div>\r\n\r\n        </div>\r\n\r\n    </div><!--预订须知--结束-->\r\n\r\n\r\n\r\n    <!--优惠活动--开始-->\r\n\r\n    <a id=\"jdhd\" style=\"font-size:0; padding-top:35px; display:block;\" hidefocus=\"false\"></a>\r\n\r\n    <div id=\"activity\" class=\"dbox activity\">\r\n\r\n    <!--如果没有精彩活动，则不显示精彩活动列表-->\r\n\r\n        <div class=\"dtitle\">\r\n\r\n            <h2 class=\"dtit\"><i class=\"icon dicon-excact\"></i>精彩活动</h2>\r\n\r\n        </div>\r\n\r\n        <div class=\"dcontent\">\r\n\r\n                    <h5>百老汇音乐剧《美女与野兽》中文版火热上演中</h5>\r\n\r\n                    <ul class=\"ul\">\r\n\r\n                        <li><span class=\"icon dicon-point\"></span>活动时间：2018-06-20&nbsp;-&nbsp;2019-12-31</li>\r\n\r\n                        <li><span class=\"icon dicon-point\"></span>活动详情：百老汇音乐剧《美女与野兽》中文版现已开售，更有演出票+乐园套餐票可选择。详情请点击http://ticket.lvmama.com/scenic-10697838</li>\r\n\r\n                    </ul>\r\n\r\n                            <img width=\"720\" alt=\"上海迪士尼乐园百老汇音乐剧《美女与野兽》中文版火热上演中\" src=\"http://pic.lvmama.com//uploads/pc/place2/2018-06-25/40a933f4-7a79-4926-9c35-003650254620.jpg\">\r\n\r\n                    <hr>\r\n\r\n        </div>\r\n\r\n    </div><!--精彩活动--结束-->\r\n\r\n\r\n\r\n    <!--景点介绍--开始-->\r\n\r\n    <div id=\"introduction\" class=\"dbox introduction\">\r\n\r\n        <div class=\"dtitle\">\r\n\r\n            <h2 class=\"dtit\"><i class=\"icon dicon-introduction\"></i>景点介绍</h2>\r\n\r\n        </div>\r\n\r\n	        <div class=\"dcontent\">\r\n\r\n	                <h4>您需要知道的“上海迪士尼乐园”</h4>\r\n\r\n	                <div class=\"introduction-ts\">\r\n\r\n	                    <p><em>特色1</em>中国大陆迪士尼主题乐园。</p>\r\n\r\n	                    <p><em>特色2</em>迪士尼城堡—奇幻童话城堡。</p>\r\n\r\n	                    <p><em>特色3</em>与迪士尼朋友进行亲密互动，感受夜光幻影秀的无穷魅力</p>\r\n\r\n	                    <p><em>特色4</em>探索别具一格又令人难忘的七大主题园区</p>\r\n\r\n	                </div>\r\n\r\n	                <ul class=\"ul\">\r\n\r\n	                        <li></li>\r\n\r\n	                </ul>\r\n\r\n	\r\n\r\n	            <h4>上海迪士尼乐园简介</h4>\r\n\r\n	            <p>2016年6月16日盛大开幕，为所有年龄层的中国游客呈现令人流连忘返的神奇体验。您将可以探索一个神奇世界，每个人都能在这里点亮心中奇梦。这就是上海迪士尼乐园，充满创造力、冒险精神的快乐天地。</p>\r\n\r\n	                    <h6><span class=\"icon dicon-point\"></span>上海迪士尼乐园</h6>\r\n\r\n	                    <p><span class=\"icon dicon-point\"></span>一座主题乐园——适合所有人游玩、以神奇王国风格打造的“上海迪士尼乐园”，由七大主题园区组成，包括：“米奇大街”、“奇想花园”、“探险岛”、“明日世界”、“宝藏湾”、拥有“奇幻童话城堡”的“梦幻世界”和迪士尼·皮克斯玩具总动员主题园区。</p>\r\n\r\n	                            <div class=\"imgbox\">\r\n\r\n	                                <img width=\"720\" alt=\"上海迪士尼乐园上海迪士尼乐园\" src=\"http://pic.lvmama.com//uploads/pc/place2/2018-06-26/8def2a9d-6b5c-4ef9-9fd2-c832ee9e511c.jpg\">\r\n\r\n	                            </div>\r\n\r\n	                            <div class=\"imgbox\">\r\n\r\n	                                <img width=\"720\" alt=\"上海迪士尼乐园上海迪士尼乐园\" src=\"http://pic.lvmama.com//uploads/pc/place2/2018-06-26/2703385a-3e7e-4757-8013-91bb7099699a.jpg\">\r\n\r\n	                            </div>\r\n\r\n	                    <h6><span class=\"icon dicon-point\"></span>迪士尼皮克斯玩具总动员第七大新主题园区</h6>\r\n\r\n	                    <p><span class=\"icon dicon-point\"></span>2018年4月26日，全新主题园区“迪士尼皮克斯玩具总动员”已正式开幕，其设计灵感取材于迪士尼皮克斯经典动画电影《玩具总动员》系列，是上海迪士尼乐园自2016年6月开园后的主要扩建项目。\r\n\r\n</p><p>整个园区包括三个全新的景点——弹簧狗团团转、抱抱龙冲天赛车和胡迪牛仔嘉年华，一个独特的与迪士尼朋友见面的主题区域——友情驿站，还有提供购物和餐饮体验的艾尔玩具店和玩具盒欢宴广场。乐园的好玩指数从此又上升到一个新高度！</p>\r\n\r\n	                            <div class=\"imgbox\">\r\n\r\n	                                <img width=\"720\" alt=\"上海迪士尼乐园迪士尼皮克斯玩具总动员第七大新主题园区\" src=\"http://pic.lvmama.com//uploads/pc/place2/2018-06-26/91d10b6e-4d75-4e6f-98d2-3f8997546f93.jpg\">\r\n\r\n	                            </div>\r\n\r\n	                    <h6><span class=\"icon dicon-point\"></span>刺激项目大盘点上篇</h6>\r\n\r\n	                    <p><span class=\"icon dicon-point\"></span>1、抱抱龙冲天赛车 – 迪士尼·皮克斯玩具总动员\r\n\r\n</p><p>2、创极速光轮 – 明日世界  \r\n\r\n</p><p>3、古迹探索营——绳索挑战道 – 探险岛\r\n\r\n</p><p>4、雷鸣山漂流 – 探险岛</p>\r\n\r\n	                            <div class=\"imgbox\">\r\n\r\n	                                <img width=\"720\" alt=\"上海迪士尼乐园刺激项目大盘点上篇\" src=\"http://pic.lvmama.com//uploads/pc/place2/2018-06-26/4f8aec82-ad12-46f6-adee-c27c32dd18de.jpg\">\r\n\r\n	                            </div>\r\n\r\n	                    <h6><span class=\"icon dicon-point\"></span>刺激项目大盘点下篇</h6>\r\n\r\n	                    <p><span class=\"icon dicon-point\"></span>5、七个小矮人矿山车 – 梦幻世界\r\n\r\n</p><p>6、翱翔·飞越地平线 – 探险岛\r\n\r\n</p><p>7、加勒比海盗——沉落宝藏之战 – 宝藏湾\r\n\r\n</p><p>8、喷气背包飞行器 – 明日世界\r\n\r\n</p><p>9、风暴来临——杰克船长之惊天特技大冒险 – 宝藏湾</p>\r\n\r\n	                            <div class=\"imgbox\">\r\n\r\n	                                <img width=\"720\" alt=\"上海迪士尼乐园刺激项目大盘点下篇\" src=\"http://pic.lvmama.com//uploads/pc/place2/2018-06-26/a6ab138c-5785-453f-89a4-95a34e9b0dfe.jpg\">\r\n\r\n	                            </div>\r\n\r\n	                    <h6><span class=\"icon dicon-point\"></span>娱乐演出</h6>\r\n\r\n	                    <p><span class=\"icon dicon-point\"></span>上海迪士尼乐园的神奇之旅不仅包含了激动人心的游乐项目和景点，更充满了精彩纷呈的娱乐演出，您可以领略丰富多彩的现场秀，与迪士尼朋友进行亲密互动，观赏全球迪士尼乐园长路线的主题巡游，感受夜光幻影秀的无穷魅力。从中国的杂技演员，到舞者和音乐主持人，充满活力、多才多艺的表演者们将用迪士尼经典的现场娱乐演出使游客流连忘返。</p>\r\n\r\n	                            <div class=\"imgbox\">\r\n\r\n	                                <img width=\"720\" alt=\"上海迪士尼乐园娱乐演出\" src=\"http://pic.lvmama.com//uploads/pc/place2/2016-06-17/fd0ff1b2-a651-43cb-a1be-a04291cb15cb.jpg\">\r\n\r\n	                            </div>\r\n\r\n	                    <h6><span class=\"icon dicon-point\"></span>在玩乐中发现和探索</h6>\r\n\r\n	                    <p><span class=\"icon dicon-point\"></span>1、米奇童话专列——花车巡游\r\n\r\n</p><p>一位位备受人们喜爱的迪士尼朋友近距离地出现在你面前：冰雪奇缘中的艾莎女王、英勇善战的巾帼英雄花木兰、善良可爱的七个小矮人……. \r\n\r\n</p><p>2、翱翔飞越地平线\r\n\r\n</p><p>带着宝贝认识和感受世界各地的奇妙！乘风而起在空中飞行，非洲草原、悉尼歌剧院、泰姬陵等世界名胜建筑尽收眼底。离开时，在出口处还会看到很多世界名胜的图画，这时候可以和小朋友一起，再回顾一下项目中体验到的景点，宝宝的地理知识就这样在玩乐中巩固啦。\r\n\r\n</p><p>3、古迹探索营\r\n\r\n</p><p>带小朋友观看各种石雕增长知识，挖掘沙坑，和其他小朋友一起玩耍，不仅能锻炼小朋友的探索能力与好奇心，更是让宝贝自己学习与别的小朋友相处、谦让友爱的好时机！\r\n\r\n</p><p>4、爱丽丝梦游仙境迷宫\r\n\r\n</p><p>处于快速成长阶段的小朋友不仅充满了想象力，对新鲜事物的好奇心也会越来越强，爱丽丝梦游仙境迷宫可能就是一个能满足小朋友们好奇心的地方。这里不仅仅有好看的花园、摆设，更有神奇的装置。比如进门处就有设置的恶犬牢笼，通往红皇后花园路上的各种哈哈镜……\r\n\r\n</p><p>5、小飞侠天空奇遇与晶彩奇航\r\n\r\n</p><p>搭乘悬空飞船让小朋友体验一次小飞侠的旅程，在“飞行”中学习小飞侠的勇敢，这可能是每个宝贝都向往的吧！小飞侠天空奇遇附近的晶彩奇航，不仅能带他们领略美妙又神奇的世界、欣赏一个个经典的迪士尼故事，小朋友们的想象力和创造力更会得到无限的激发。\r\n\r\n</p><p>6、十二朋友园\r\n\r\n</p><p>作为洋溢着浓郁中国风的全球迪士尼独创区域，十二朋友园也是带小朋友开启寓教于乐旅程的好去处。组成的12个迪士尼和迪士尼皮克斯的经典动画角色，表现出了十二生肖的属相特征，让人印象深刻。\r\n\r\n</p><p>7、探险家独木舟\r\n\r\n</p><p>自己动手划起船桨，和独木舟上的同伴们齐心协力一起航行，感受“齐心协力”带来的乐趣和美景，这样的体验对小朋友来说可是非常难得的！\r\n\r\n</p><p>8、点亮奇梦：夜光幻影秀\r\n\r\n</p><p>人气爆棚的娱乐演出也是孩子们很喜欢的，在奇幻童话城堡上演的唯美视觉盛宴，让孩子感受乐园中每一分的神奇。</p>\r\n\r\n	                            <div class=\"imgbox\">\r\n\r\n	                                <img to=\"http://pic.lvmama.com//uploads/pc/place2/2018-06-26/4a07198e-f31d-4898-971f-3f643b0b6f9f.jpg\" width=\"720\" alt=\"上海迪士尼乐园在玩乐中发现和探索\">\r\n\r\n	                            </div>\r\n\r\n	                    <h6><span class=\"icon dicon-point\"></span>值得试试的隐藏项目</h6>\r\n\r\n	                    <p><span class=\"icon dicon-point\"></span>梦想护照盖章——点滴努力以后会有小惊喜\r\n\r\n</p><p>在乐园内给迪士尼梦想护照盖章这类简单又有趣的任务，是家长和宝宝一起互动的好活动。\r\n\r\n</p><p>这可不是一本普通的护照，里面不仅有生动有趣的故事诉说着迪士尼影片和迪士尼朋友们，还穿插着锻炼着孩子们的想象力、记忆力、探索吸取知识能力的迷宫、连连看、你问我答等环节！\r\n\r\n</p><p>护照第二页有告知盖章地点，盖章之旅第一站可以去米奇大街的两个商店——M大街购物廊和老车站商店逛逛。让宝贝自己动手将护照插入盖章机，就能获得一个非常可爱的达菲熊！集齐乐园所有的印章，还可以去M大街购物廊领取特别小礼物。\r\n\r\n</p><p>制作纪念币——自己的手工成果更要珍惜\r\n\r\n</p><p>乐园有多处地方提供可以让宝贝自己动手制作纪念币的装置，在这里各位家长可以引导小朋友选择自己的图案，让宝贝自己通过转动把手努力摇出金币。\r\n\r\n</p><p>小朋友不仅能拥有一枚自己“做出来”的纪念币，更让小朋友明白自己动手的意义并珍惜劳动成果，感受到创造的魅力，这种体验值得一试！\r\n\r\n</p><p>交换徽章——大胆地与世界表达\r\n\r\n</p><p>上海迪士尼乐园的M大街购物廊和美妙记忆屋都可以买到徽章，推荐新手买新手包，新手包每个样式的徽章有两个，一个可以自己留下来，一个可以和园区内演职人员或游客进行交换。演职人员佩戴的徽章有些是没有公开出售的稀有徽章，很推荐小朋友和演职人员交换。</p>\r\n\r\n	                            <div class=\"imgbox\">\r\n\r\n	                                <img to=\"http://pic.lvmama.com//uploads/pc/place2/2018-06-26/6e50ffaf-2758-4ff7-8483-ec13168fb183.jpg\" width=\"720\" alt=\"上海迪士尼乐园值得试试的隐藏项目\">\r\n\r\n	                            </div>\r\n\r\n	                    <h6><span class=\"icon dicon-point\"></span>奇食妙享指南</h6>\r\n\r\n	                    <p><span class=\"icon dicon-point\"></span>无论是在“皇家宴会厅”预订一顿神奇的用餐，享受到与迪士尼朋友活动的独特礼遇；或是在“星露台餐厅“，享用美食的同时饱览上海迪士尼乐园的壮丽美景；还是在“巴波萨烧烤，沉浸在无拘无束的海盗精神中大快朵颐，在上海迪士尼乐园的六大主题园区中，您能在各个主题餐厅里品尝东西方菜系的丰富美食、特色点心和诱人甜品，让你的神奇之旅回味无穷。\r\n\r\n</p><p>米奇好伙伴美味集市：置身于这个临街美食广场，您可以选择四种独特风格的特色美食，包括炖菜、烧烤以及如文火炖羊腱、海鲜叻沙面等各色招牌菜。\r\n\r\n</p><p>漫月食府：在这座精致典雅的中式餐厅中，供应各类热门亚洲美食。无论是红烧牛肉面、海鲜面亦或是各类素食，相信都可让您吃得心满意足。</p>\r\n\r\n	                            <div class=\"imgbox\">\r\n\r\n	                                <img to=\"http://pic.lvmama.com//uploads/pc/place2/2017-04-10/033acc92-8c6e-4e18-992e-b6c3627558a0.jpg\" width=\"720\" alt=\"上海迪士尼乐园奇食妙享指南\">\r\n\r\n	                            </div>\r\n\r\n	                    <h6><span class=\"icon dicon-point\"></span>奇食妙享指南</h6>\r\n\r\n	                    <p><span class=\"icon dicon-point\"></span>星露台餐厅：在星露台餐厅，您可以探索各类特色美食，包括炸鸡柳、薯条、凯撒色拉和让人流连忘返的汉堡。广受好评的明日芝士汉堡是您不可错过的主打招牌菜。\r\n\r\n</p><p>皮诺丘乡村厨房：皮诺丘乡村厨房拥有如同老木偶匠盖比特工作室一般的设计风格，烤鸭披萨是这里的特色招牌。同时，餐厅还供应饭食、海鲜炒面等美食，适合和家人一起享用。</p>\r\n\r\n	                            <div class=\"imgbox\">\r\n\r\n	                                <img to=\"http://pic.lvmama.com//uploads/pc/place2/2017-04-10/5843db76-72a9-42a7-86f7-06474a31da95.jpg\" width=\"720\" alt=\"上海迪士尼乐园奇食妙享指南\">\r\n\r\n	                            </div>\r\n\r\n	                    <h6><span class=\"icon dicon-point\"></span>奇食妙享指南</h6>\r\n\r\n	                    <p><span class=\"icon dicon-point\"></span>老藤树食栈：这里的设计风格如同童话故事中的小木屋一般，温馨而浪漫。烤鸡配红薯、食栈鱼柳和薯条、炒澳洲牛肉配饭是这里的特色美食，同时还供应一系列精致美味的佐食小菜和诱人甜点。\r\n\r\n</p><p>巴波萨烧烤：这家具有野外风情的餐厅擅长各类烧烤风味美食。更特别的是，食客可以通过开放式厨房亲眼目睹主厨烹饪美食的全过程。同时，巴波萨船长还将亲自领航，带食客们去到加勒比海盗——沉落宝藏之战的战场一探究竟。</p>\r\n\r\n	                            <div class=\"imgbox\">\r\n\r\n	                                <img to=\"http://pic.lvmama.com//uploads/pc/place2/2017-04-11/a988ea54-e598-43f9-ba07-c6f7224d3b8f.jpg\" width=\"720\" alt=\"上海迪士尼乐园奇食妙享指南\">\r\n\r\n	                            </div>\r\n\r\n	                    <h6><span class=\"icon dicon-point\"></span>奇食妙享指南</h6>\r\n\r\n	                    <p><span class=\"icon dicon-point\"></span>部落丰盛堂：呼朋唤友，一起来享受一次难忘的美食之旅吧！部落丰盛堂供应风靡全球的部落火鸡腿饭，美味小炒，烧烤，以及新鲜素食。\r\n\r\n</p><p>皇家宴会厅：进入这梦幻般的奇幻童话城堡后，您将感受公主和王子们般的礼遇，享受一席美食盛宴，同时与您喜欢的迪士尼朋友亲密接触。</p>\r\n\r\n	                            <div class=\"imgbox\">\r\n\r\n	                                <img to=\"http://pic.lvmama.com//uploads/pc/place2/2017-04-10/7d58f8a4-eed2-4bdd-bcff-3f44c9a343ba.jpg\" width=\"720\" alt=\"上海迪士尼乐园奇食妙享指南\">\r\n\r\n	                            </div>\r\n\r\n	                    <h6><span class=\"icon dicon-point\"></span>温馨提示</h6>\r\n\r\n	                    <p><span class=\"icon dicon-point\"></span>上海迪士尼度假区官方APP将于今年秋季支持入园后在线领取迪士尼快速通行证或购买迪士尼尊享卡，方便快捷。\r\n\r\n</p><p>为保护您的权益，请在游玩乐园期间妥善保管您的门票，在任何情况下都勿将门票转交给他人。\r\n\r\n</p><p>点击链接立刻下载APP：\r\n\r\n</p><p>https://www.shanghaidisneyresort.com/download-shanghai-disney-mobile-app/</p>\r\n\r\n	                    <h6><span class=\"icon dicon-point\"></span>迪士尼快速通行证</h6>\r\n\r\n	                    <p><span class=\"icon dicon-point\"></span>减少等候时间\r\n\r\n</p><p>领取迪士尼快速通行证，在特定时间段体验指定景点，缩短等待时间！迪士尼快速通行证将可在上海迪士尼度假区官方APP上便捷领取。进入上海迪士尼乐园后，登录APP领取免费迪士尼快速通行证，在指定时间返回景点，减少等候时间！快速通行证无需额外费用，每日领完即止。\r\n\r\n</p><p>迪士尼快速通行证适用于以下景点：\r\n\r\n</p><p>翱翔飞越地平线  – 探险岛\r\n\r\n</p><p>雷鸣山漂流 – 探险岛\r\n\r\n</p><p>创极速光轮 – 明日世界\r\n\r\n</p><p>巴斯光年星际营救  – 明日世界\r\n\r\n</p><p>七个小矮人矿山车 – 梦幻世界\r\n\r\n</p><p>小熊维尼历险记 – 梦幻世界\r\n\r\n</p><p>小飞侠天空奇遇 – 梦幻世界\r\n\r\n</p><p>\r\n\r\n</p><p>如何领取：\r\n\r\n</p><p>步骤1:  在您前往上海迪士尼度假区前，提前下载上海迪士尼度假区官方APP，并使用您的手机号码或邮箱建立您的账号\r\n\r\n</p><p>步骤2:  进入上海迪士尼乐园后，登录上海迪士尼度假区APP，扫描并绑定您的乐园门票\r\n\r\n</p><p>步骤3:  创建迪士尼快速通行证游玩组（如超过一名游客）\r\n\r\n</p><p>步骤4:  选择您想要游玩的单个景点，并领取该景点的快速通行证，无需额外费用\r\n\r\n</p><p>步骤5:  您可在指定时间前往所选择的景点使用迪士尼快速通行证。在景点的迪士尼快速通行证入口扫描您的门票或APP上“我的计划”页面的二维码，验证成功后即可快速进入景点。</p>\r\n\r\n	                    <h6><span class=\"icon dicon-point\"></span>迪士尼尊享卡</h6>\r\n\r\n	                    <p><span class=\"icon dicon-point\"></span>即将上线----当天任意时间享受景点优先通行！\r\n\r\n</p><p>全新迪士尼尊享卡，任意时间，让您优先体验热门景点！快速进入热门景点，享受更多迪士尼神奇！APP 在线发售，任意时间，优先尊享。迪士尼尊享卡每日限量发售，售完即止。\r\n\r\n</p><p>迪士尼尊享卡适用于以下景点：\r\n\r\n</p><p>翱翔？飞越地平线 – 探险岛\r\n\r\n</p><p>雷鸣山漂流 – 探险岛\r\n\r\n</p><p>创极速光轮 – 明日世界\r\n\r\n</p><p>巴斯光年星际营救 – 明日世界\r\n\r\n</p><p>七个小矮人矿山车 – 梦幻世界\r\n\r\n</p><p>小熊维尼历险记 – 梦幻世界\r\n\r\n</p><p>小飞侠天空奇遇 – 梦幻世界\r\n\r\n</p><p>\r\n\r\n</p><p>如何购买：\r\n\r\n</p><p>步骤1:  在您前往上海迪士尼度假区前，提前下载上海迪士尼度假区官方APP，并使用您的手机号码或邮箱建立您的账号\r\n\r\n</p><p>步骤2:  进入上海迪士尼乐园后，您即可登录上海迪士尼度假区官方APP，选择您想要游玩的景点，购买单个景点的迪士尼尊享卡，或七个景点的迪士尼尊享卡套装\r\n\r\n</p><p>步骤3:  扫描并绑定您的乐园门票\r\n\r\n</p><p>步骤4:  创建迪士尼尊享卡游玩组（如超过一名游客）\r\n\r\n</p><p>步骤5:  在线完成支付流程\r\n\r\n</p><p>步骤6:  您可在购买当天的运营时间内随时前往所选择的景点使用迪士尼尊享卡。在景点的迪士尼尊享卡入口扫描您的门票或APP上“我的计划”页面的二维码，验证成功后即可快速进入景点。</p>\r\n\r\n	                    <h6><span class=\"icon dicon-point\"></span>游园小贴士</h6>\r\n\r\n	                    <p><span class=\"icon dicon-point\"></span>1、带上充满电的手机和充电宝，方便查看上海迪士尼度假区APP和拍一大波合照。\r\n\r\n</p><p>2、提前下载上海迪士尼度假区APP，可查看地图和项目等待时间，即便是第一次游园也让你胸有成竹。还可关注上海迪士尼度假区官方微信，把新活动和攻略一网打尽。\r\n\r\n</p><p>3、让女票轻装上阵，男生背个容量大些的双肩包比较合适，可以携带600ml以内的非酒精饮料，夏天别忘了防晒霜和伞（但注意喷雾型防晒是不可以带入乐园的），冬天可以多带件厚外套（看烟花时给女生添衣保暖），游园完毕后也能将心仪的商品一股脑儿背回家。\r\n\r\n</p><p>4、如果想玩得更轻松畅快，建议提前预订迪士尼礼宾服务，可以享受不包含抱抱龙冲天赛车的八大热门项目优先通行、优先吃到火鸡腿、还有“点亮奇梦：夜光幻影秀”和“米奇童话专列”的预留观赏区域！\r\n\r\n</p><p>5、租童车：入园租童车可以节省爸妈及宝宝的体力，游园更轻松。</p>\r\n\r\n	                    <h6><span class=\"icon dicon-point\"></span>畅游半年卡须知</h6>\r\n\r\n	                    <p><span class=\"icon dicon-point\"></span>1本畅游半年卡之发出及使用受本须知，以及公布于上海迪士尼乐园（“乐园”）官网www.shanghaidisneyresort.com（“乐园官网”）和乐园入口处的《上海迪士尼乐园游客须知》的约束。畅游半年卡持有者须遵守本须知及《上海迪士尼乐园游客须知》。 \r\n\r\n</p><p>2畅游半年卡不可转让、更换及退款，除非法律另有规定。 \r\n\r\n</p><p>3畅游半年卡仅限持卡人本人（即姓名印于该卡上的人）使用，如出现下述情况，我们有权随时撤销该卡而毋须退款或赔偿：（A）该卡被非持卡人本人用于入园或换取其它利益；（B）该卡和/或其项下的权利被用做商业用途或被出于其他目的非正当使用； （C）游客有任何危险，非法或攻击性行为; 或（D）游客有违反《上海迪士尼乐园游客须知》以至可能妨碍乐园运营的其他行为。\r\n\r\n</p><p>4每一位游客名下只限持有一张与其名字绑定的畅游半年卡。如果一位游客拥有多张与其名字绑定的畅游半年卡，除第一张畅游半年卡外，其余半年卡将无法使用。 \r\n\r\n</p><p>5本畅游半年卡自2018年8月2日或者畅游半年卡被激活的日期起生效，有效期至2019年2月4日。 \r\n\r\n</p><p>6在限定日期，无法使用畅游半年卡入园。具体限定日期在发放本卡时所提供的文件中有说明亦可于度假区官网查询，可能会发生变动。当乐园达到承载量的限额时，我们将无法保证持卡游客入园。 \r\n\r\n</p><p>7所有畅游半年卡持卡游客每次入园都须按正常程序从乐园主入口入园，并请遵从演职人员的指引。 \r\n\r\n</p><p>8游客使用畅游半年卡入园时，必须出示用于激活畅游半年卡时所使用的个人身份证件原件来核实身份，确保畅游半年卡是由持卡人本人使用。 \r\n\r\n</p><p>9此畅游半年卡不适用于另行收费的特别活动及华特迪士尼大剧院入场，无免费停车特权。 \r\n\r\n</p><p>10出于乐园承载量，恶劣天气，特别活动，安全、安保或秩序原因，或情况所需，我们可能会不时更改乐园营运时间或乐园内任何游乐项目的开放时间，暂时关闭乐园或乐园内的任何部份区域，限制入园人数，及/或暂停或取消任何游乐设施或娱乐演出。</p>\r\n\r\n	        </div>\r\n\r\n        <div class=\"darea noline\">\r\n\r\n            <h5>温馨提示</h5>\r\n\r\n            <p>1.在不能满足设备安全运行的恶劣天气，无法抗拒的自然灾害情况下（如雷电、雨雪、冰雹、大雾、暴雨、台风等），景区部分项目将临时关闭或部分关闭，表演会取消或部分取消。</p>\r\n\r\n            <p>2.严禁倒票，一经发现，相关电子门票作废，入园现场将不予承认，驴妈妈旅游网将不予退费并将相关账号、手机号列入黑名单。请广大用户选择驴妈妈官方网站或官方合作渠道购买，维护自身权益不被侵犯。</p>\r\n\r\n            <p>3.景区活动内容如有变动，以当日公告为准。景区所有项目均会定期进行日检、周检、月检和年度检修，相关检修工作可能会造成部分项目运行时间的延迟或暂停对游客开放，详情以景区现场公告为准。</p>\r\n\r\n            <p>4.为保障您的出游安全，驴妈妈建议您订购在线支付产品时选购相关旅游保险。</p>\r\n\r\n        </div>\r\n\r\n    </div><!--景点介绍--结束-->\r\n\r\n\r\n</div>',135,'上海迪士尼乐园','imgupload/261de15f-0b3f-4639-9ccd-91c314237198.jpg',NULL),(49,'东方明珠','dongfangmingzhu','上海市浦东新区世纪大道1号','上海市','上海市',NULL,6,'<h1>你好啊&nbsp;&nbsp;&nbsp;&nbsp;</h1><p>&nbsp;&nbsp;&nbsp;&nbsp;我很好啊啊啊 啊<br/></p><p>&nbsp;&nbsp;&nbsp;&nbsp;&nbsp;&nbsp;&nbsp;&nbsp;<br/></p><p>&nbsp;&nbsp;&nbsp;&nbsp;<img width=\"530\" height=\"340\" src=\"http://api.map.baidu.com/staticimage?center=116.404,39.915&zoom=10&width=530&height=340&markers=116.404,39.915\"/></p>',135,'东方明珠','imgupload/44fadf1c-18fe-401f-9061-ba9bb5346342.jpg',NULL),(50,'上海欢乐谷','shanghaihuanlegu','上海市松江区佘山林湖路888号','上海市','上海市',NULL,16,'<p>123456</p><h1>石杰</h1><p><br/></p><p>fdsfsfdfdsfsd</p>',100,'上海欢乐谷','imgupload/031d5b97-caa2-4253-b017-7762958e6051.jpg',NULL),(51,'上海科技馆','shanghaikejiguan','上海市浦东新区世纪大道1号','上海市','上海市',NULL,20,NULL,135,'上海科技馆','imgupload/35c7cca0-1a2f-41d2-9c49-e31a37add1d4.jpg',NULL),(52,'珠江夜游（广州塔码头）','zhujiangyeyou（guangzhoutamatou）','广东省广州市海珠区阅江西路222号广州塔码头','广东省','广州市',NULL,6,NULL,55,'珠江夜游（广州塔码头）','imgupload/f9320314-7e92-4d74-82f5-0a4ab3a15555.jpg',NULL),(53,'荷花奇境（三水荷花世界）','hehuaqijing（sanshuihehuashijie）','广东省佛山市三水区南丰大道','广东省','佛山市',NULL,15,NULL,60,'荷花奇境（三水荷花世界）','imgupload/36523e81-156c-4c5e-a52f-75b6a2aac16b.jpg',NULL),(54,'深圳欢乐谷','shenzhenhuanlegu','广东省深圳市南山区华侨城欢乐谷','广东省','深圳市',NULL,16,NULL,100,'深圳欢乐谷','imgupload/a5134748-4524-4a80-9fd1-8f261f638c03.jpg',NULL),(55,'世界之窗','shijiezhichuang','广东省深圳市南山区深南大道9037号','广东省','深圳市',NULL,16,NULL,135,'世界之窗','imgupload/8810df15-5bbe-41a9-9d78-4b00e1732f3c.jpg',NULL),(56,'广州塔','guangzhouta','广东省广州市海珠区阅江西路222号','广东省','广州市',NULL,6,NULL,150,'广州塔','imgupload/53c6d2ae-0ff4-4f64-8b1a-3d743f6b2d3f.jpg',NULL),(57,'东部华侨城','dongbuhuaqiaocheng','广东省深圳市盐田区大梅沙东部华侨城','广东省','深圳市',NULL,16,NULL,100,'东部华侨城','imgupload/cc1630f6-4c36-4330-925b-88bb318d876e.jpg',NULL),(58,'观澜山水田园旅游文化园','guanlanshanshuitianyuanlvyouwenhuayuan','广东省深圳市龙华新区观澜街道君子布社区环观南路观澜山水田园旅游文化园','广东省','深圳市',NULL,7,NULL,100,'观澜山水田园旅游文化园','imgupload/656dfad6-766f-4296-9ceb-4728a5a677b3.jpg',NULL),(59,'观澜山水田园旅游文化园','guanlanshanshuitianyuanlvyouwenhuayuan','广东省深圳市龙华新区观澜街道君子布社区环观南路观澜山水田园旅游文化园','广东省','深圳市',NULL,26,NULL,100,'观澜山水田园旅游文化园','imgupload/e84c2e00-f7dd-4800-8955-088bfbc5f26a.jpg',NULL),(60,'川岛风情','chuandaofengqing','广东省江门市台山市下川岛','广东省','江门市',NULL,25,NULL,125,'川岛风情','imgupload/a881406d-4b5a-4cd5-9e9c-c02e9b0be5c4.jpg',NULL),(61,'清远天子山瀑布自然景区','qingyuantianzishanpubuziranjingqu',' 广东省清远市清城区飞来峡镇高田西坑村','广东省','清远市',NULL,11,NULL,58,'清远天子山瀑布自然景区','imgupload/88d2d048-4388-4070-a665-961373142ecd.jpg',NULL),(62,'浏阳瑞翔冰雪世界','liuyangruixiangbingxueshijie',' 湖南省长沙市浏阳市沙市镇赤马湖','湖南省','长沙市',NULL,19,NULL,108,'浏阳瑞翔冰雪世界','imgupload/1fd6e4c5-80c6-45b5-b4e9-cfbe69d077b4.jpg',NULL),(63,'凤凰古城','fenghuanggucheng','湖南省湘西土家族苗族自治州凤凰县凤凰古城','湖南省','湘西土家族苗族自治州',NULL,28,NULL,125,'凤凰古城','imgupload/e16c156c-90de-497a-918d-63b0700b0e66.jpg',NULL),(64,'宁乡千佛洞','ningxiangqianfodong','湖南省长沙市宁乡县黄材镇','湖南省','广东省',NULL,23,NULL,78,'宁乡千佛洞','imgupload/e8b2affc-ddf0-4333-9e17-36b4d74fcdfc.jpg',NULL),(65,'天坛公园','tiantangongyuan','北京市东城区天坛内东里7号','北京市','北京市',NULL,27,NULL,57,'天坛公园','imgupload/32de27a1-e6fc-4362-bd0c-a42a078fc80c.jpg',NULL),(66,'天坛公园','tiantangongyuan','北京市东城区天坛内东里7号','北京市','北京市',NULL,28,NULL,57,'天坛公园','imgupload/5a060e71-260c-483e-b3de-c95fecde4810.jpg',NULL),(67,'九嶷山国家森林公园','jiuyishanguojiasenlingongyuan',' 湖南省永州市宁远县九嶷山国家森林公园','湖南省','永州市',NULL,28,NULL,25,'九嶷山国家森林公园','imgupload/9685e1f6-8fea-47eb-9e35-3548e3b33d7d.jpg',NULL),(68,'中央电视塔','zhongyangdianshita','北京市海淀区西三环中路11号','北京市','北京市',NULL,1,NULL,85,'中央电视塔','imgupload/8dc5eb48-9899-442f-b80e-ff5c0a81017b.jpg',NULL),(69,'自然之城KAKAZOO','ziranzhichengKAKAZOO',' 山东省青岛市市南区香港中路26号青岛未来广场5层','山东省','青岛市',NULL,16,NULL,120,'自然之城KAKAZOO','imgupload/ebf48465-c29f-4a8f-8f6a-a9e1158ad8c9.jpg',NULL),(70,'自然之城KAKAZOO','ziranzhichengKAKAZOO',' 山东省青岛市市南区香港中路26号青岛未来广场5层','山东省','青岛市',NULL,6,NULL,120,'自然之城KAKAZOO','imgupload/6df945ab-8ced-406e-a621-2002daed7b38.jpg',NULL),(71,'三亚海豚游艇俱乐部','sanyahaitunyoutingjulebu','海南省三亚市吉阳区亚龙湾旅游区丽思卡尔顿酒店旁亚龙湾游艇会','海南省','三亚市',NULL,24,NULL,158,'三亚海豚游艇俱乐部','imgupload/e989b098-28b4-40c7-a36e-dd5001920065.jpg',NULL),(72,'中国死海','zhongguosihai','四川省遂宁市大英县蓬莱镇','四川省','遂宁市',NULL,26,NULL,220,'中国死海','imgupload/64e3e5ae-6e1d-4aa6-b7e2-1c982ec2a8d0.jpg',NULL),(73,'凤凰古城','fenghuanggucheng','湖南省湘西土家族苗族自治州凤凰县凤凰古城','湖南省','湘西土家族苗族自治州',NULL,27,NULL,125,'凤凰古城','imgupload/fa1254b9-6ebd-483d-bc88-a6f47431402c.jpg',NULL),(74,'水立方','shuilifang',' 北京市朝阳区天辰东路11号','北京市','北京市',NULL,6,NULL,29,'水立方','imgupload/f50ccf6f-f7cc-420e-acd5-4f37f556873e.jpg',NULL),(75,'柳子庙','liuzimiao',' 湖南省永州市柳子街上','湖南省','永州市',NULL,15,NULL,196,'柳子庙','imgupload/529c521b-10bf-4164-873a-76bc43bf2ea2.jpg',NULL),(76,'柳子庙','liuzimiao',' 湖南省永州市柳子街上','湖南省','永州市',NULL,28,NULL,196,'柳子庙','imgupload/c6c87df3-c4d6-4f4e-a119-7dbcb95d0247.jpg',NULL),(77,'香港海洋公园','xiangganghaiyanggongyuan','香港港岛黄竹坑南朗山香港海洋公园','香港特别行政区','香港特别行政区',NULL,16,NULL,320,'香港海洋公园','imgupload/b838778d-8fdd-44a2-a7cb-5437c2f38eef.jpg',NULL),(78,'芜湖方特梦幻王国','wuhufangtemenghuanwangguo','安徽省芜湖市鸠江赤铸山东路华强文化科技产业园内。','安徽省','芜湖市',NULL,16,NULL,240,'芜湖方特梦幻王国','imgupload/a130d1e1-20ed-4f98-98ba-491ac4c9c45a.jpg',NULL),(79,'故宫','gugong',' 北京市东城区景山前街4号','北京市','北京市',NULL,28,NULL,26,'故宫','imgupload/ced36e98-a19d-49eb-8449-5d42acfda870.jpg',NULL),(80,'故宫','gugong',' 北京市东城区景山前街4号','北京市','北京市',NULL,6,NULL,26,'故宫','imgupload/ffbafaa5-f44b-43da-a8dd-04fc49c00ef2.jpg',NULL),(81,'圆明园','yuanmingyuan','北京市海淀区清华西路28号','北京市','北京市',NULL,28,NULL,25,'圆明园','imgupload/a836356c-0923-4d86-8574-b4dac23e46e2.jpg',NULL),(83,'广州长隆欢乐世界','guangzhouzhanglonghuanleshijie','番禺区长隆旅游度假区内','广东省','广州市',NULL,11,'<div id=\"policy\" class=\"dbox policy\" xmlns=\"http://www.w3.org/1999/html\">\r\n        <div class=\"dtitle\">\r\n            <h3 class=\"dtit\"><i class=\"icon dicon-policy\"></i>预订须知</h3>\r\n        </div>\r\n        <div class=\"dcontent\">\r\n            <div class=\"dactive\">\r\n                <!-- 多了个嵌套 darea-->\r\n                    <div class=\"darea\">\r\n                    <h5>免票政策</h5>\r\n                         <p>a. 1.0米（不含）以下的儿童免票。（1名购票成人、长者仅可免费携带1名。此政策限长隆欢乐世界，其余套票请浏览页面里票种说明。）</p><p>* 以上信息仅供参考，具体以景区当日信息为准。</p><p>* 以上政策仅免大门票。</p>\r\n                    </div>\r\n\r\n                <div class=\"darea\">\r\n                						<h5> 优惠政策</h5>\r\n                                        <p>\r\n                                            a. 景区规定统一售价，暂无其他可享优惠政策。</p><p>* 以上信息仅供参考，具体以景区当日信息为准。</p><p>\r\n                                        </p>\r\n                </div>\r\n                    <div class=\"darea noline\">\r\n						<h5> 重要说明</h5>\r\n						<p>\r\n							因广州地铁7号线开通， 2017年3月1日起，广州长隆景区（含长隆酒店）至广州火车南站间的往返接驳巴士线路取消，建议乘坐地铁七号线从广州“南站”到达“汉溪长隆”站，仅需4站，车程约10分钟，E口出站即为长隆地铁广场（乘坐免费穿梭巴士到达各大景区及长隆酒店）。\r\n</p><p>2018年1月起“特定日”定义：元旦（2017年12月30日-2018年1月1日）、春节（2月15-21日）、清明（4月5-7日）、劳动节（4月29日-5月1日）、端午节（6月16-18日）、暑期（7-8月）、中秋节（9月22-24日）、国庆节（10月1-7日），及所有周六、周日。\r\n</p><p>-“平日”即除以上“特定日”以外的日期。\r\n</p><p>1、进入长隆各主题公园，观众必须接受安全检查，严禁携带管制器具、枪支弹药、易燃易爆物品、食品、饮料等物品入园。游乐设施、集会、人群密集区禁止使用自拍杆。园区内不得携带宠物入园。\r\n</p><p>2、园区部分设施有身高及身体参玩要求，请游客视自身的健康情况斟酌参玩；游玩前请参阅相应主题公园的开放时间、表演时间及注意事项。\r\n</p><p>2018年10月11日至11月4日，长隆欢乐万圣节——关你“鬼”事为广大“鬼”友们打造独一无二的欢乐万圣国度。\r\n</p><p>今年，长隆欢乐世界再度进行了鬼屋和万圣演艺的创新升级，十大刺激鬼屋项目、二十个演艺节目、七十余项超动感游乐设施全面开放；\r\n</p><p>五大鬼王IP与万鬼齐聚，营造浓郁的万圣节氛围，在长隆欢乐世界为各位爱鬼玩家们带来的“惊”喜翻倍的玩鬼大冒险。\r\n						</p>\r\n					</div>\r\n            </div>\r\n            <div class=\"darea\">\r\n				<h5>安全须知</h5>\r\n				<p>1.为了您人身、财产的安全，请您避免在公开场合暴露贵重物品及大量现金。外出时需时刻看管好首饰、相机等随身物品。</p>\r\n				<p>2.游泳、漂流、潜水、浮潜、冲浪、快艇、滑雪、滑冰、热气球、高空跳伞、滑翔伞、动力伞、攀岩、登山、骑马、驾驶、温泉、冲沙、索道、蹦极等活动项目，均存在危险。参与前请根据自身条件，充分参考当地相关部门及其它专业机构的相关公告和建议后量力而行。请您在预订前阅读驴妈妈为您整理各项高风险活动的。<strong><a target=\"_blank\" href=\"http://zt.lvmama.com/subject/gaofengxian01-1959\">《安全须知》</a></strong></p>\r\n			</div>\r\n        </div>\r\n    </div>\r\n<a id=\"jdhd\" style=\"font-size:0; padding-top:35px; display:block;\" hidefocus=\"false\"></a>\r\n<div id=\"activity\" class=\"dbox activity\">\r\n    <!--如果没有精彩活动，则不显示精彩活动列表-->\r\n        <div class=\"dtitle\">\r\n            <h2 class=\"dtit\"><i class=\"icon dicon-excact\"></i>精彩活动</h2>\r\n        </div>\r\n        <div class=\"dcontent\">\r\n                    <h5>2018年长隆成人年卡用户权益调整通知</h5>\r\n                    <ul class=\"ul\">\r\n                        <li><span class=\"icon dicon-point\"></span>活动时间：2018-11-01&nbsp;-&nbsp;2019-12-31</li>\r\n                        <li><span class=\"icon dicon-point\"></span>活动详情：2018年11月起，现有成人年卡和长者年卡将推出新的年卡浮动权益，详情请参考以下描述</li>\r\n                    </ul>\r\n                            <img width=\"720\" alt=\"广州长隆欢乐世界2018年长隆成人年卡用户权益调整通知\" src=\"http://pic.lvmama.com//uploads/pc/place2/2018-10-31/3b3c87ef-018a-4cc0-8955-53c79d2c934c.jpg\">\r\n                    <hr>\r\n        </div>\r\n    </div>\r\n<div id=\"introduction\" class=\"dbox introduction\">\r\n        <div class=\"dtitle\">\r\n            <h2 class=\"dtit\"><i class=\"icon dicon-introduction\"></i>景点介绍</h2>\r\n        </div>\r\n	        <div class=\"dcontent\">\r\n	                <h4>您需要知道的“广州长隆欢乐世界”</h4>\r\n	                <div class=\"introduction-ts\">\r\n	                    <p><em>特色1</em>8大主题娱乐区！巅峰刺激游乐项目、适合全家游玩的哈比王国等...</p>\r\n	                    <p><em>特色2</em>合各个年龄层的合家欢大型游乐团，将生态环境与异国文化结合！</p>\r\n	                    <p><em>特色3</em>拥有多个大型游乐设备、大型特色表演项目丰富多彩！</p>\r\n	                    <p><em>特色4</em>汇聚欧洲原装进口过山车，挑战你的青春荷尔蒙，唤醒你的冒险细胞</p>\r\n	                </div>\r\n	                <ul class=\"ul\">\r\n	                        <li></li>\r\n	                </ul>\r\n	\r\n	            <h4>广州长隆欢乐世界简介</h4>\r\n	            <p>从2006年开业至今，长隆欢乐世界完成了巨变——从硬件游乐的1.0时代蜕变成以满足游客主题体验为中心的3.0时代。从2012年全新开放的亚洲室内情景探险项目“森林神庙”到“星际决战”，长隆欢乐世界向世界主题游乐市场交出了一份满意的答卷——“星际决战”项目开放后，长隆欢乐世界游客增幅50%，借此，长隆欢乐世界新区幻影天地的改造同步完成。</p>\r\n	                    <h6><span class=\"icon dicon-point\"></span>火箭过山车</h6>\r\n	                    <p><span class=\"icon dicon-point\"></span>继垂直过山车、十环过山车、摩托过山车、飞马家庭过山车和U型滑板之后，长隆欢乐世界的“过山车矩阵”又将新增一个“狠角色”——投入巨资引进“火箭过山车”！集垂直过山车、十环过山车、摩托过山车和U型滑板体验于一身，可谓“过山车新典范”。</p>\r\n	                            <div class=\"imgbox\">\r\n	                                <img to=\"http://pic.lvmama.com//uploads/pc/place2/2017-12-14/f734366e-44fa-4cc4-b9f3-973e491be047.jpg\" width=\"720\" alt=\"广州长隆欢乐世界火箭过山车\">\r\n	                            </div>\r\n	                            <div class=\"imgbox\">\r\n	                                <img to=\"http://pic.lvmama.com//uploads/pc/place2/2017-12-14/0ba540c7-ff4c-48e2-a624-4b101b29292d.jpg\" width=\"720\" alt=\"广州长隆欢乐世界火箭过山车\">\r\n	                            </div>\r\n	                    <h6><span class=\"icon dicon-point\"></span>垂直过山车</h6>\r\n	                    <p><span class=\"icon dicon-point\"></span>逍遥搏击任飞翔，彩虹绘出真体验，让国人不出国门就可享受到全球较尖端的游乐设施，现在就让我们一起尽情去体验全球过山车之王的巅峰感受吧。</p>\r\n	                            <div class=\"imgbox\">\r\n	                                <img to=\"http://pic.lvmama.com//uploads/pc/place2/2014-10-20/1413806831530.jpg\" width=\"720\" alt=\"广州长隆欢乐世界垂直过山车\">\r\n	                            </div>\r\n	                    <h6><span class=\"icon dicon-point\"></span>欢乐小镇</h6>\r\n	                    <p><span class=\"icon dicon-point\"></span>2017年1月15日，长隆欢乐世界将推出全新游乐区域“欢乐小镇”，这是马戏主题的开放性游乐小镇，除了别具风格的建筑和园区装饰、随处可见的主题元素，这里是一个能亲身体验乐趣的机动游戏体验区，让您天马行空、梦想成真！</p>\r\n	                            <div class=\"imgbox\">\r\n	                                <img to=\"http://pic.lvmama.com//uploads/pc/place2/2017-12-13/ce48ba3c-8c7e-413b-9da1-d7e97eff5599.jpg\" width=\"720\" alt=\"广州长隆欢乐世界欢乐小镇\">\r\n	                            </div>\r\n	                            <div class=\"imgbox\">\r\n	                                <img to=\"http://pic.lvmama.com//uploads/pc/place2/2017-12-13/82080b0e-0a14-4544-84a8-95e68bdbe768.jpg\" width=\"720\" alt=\"广州长隆欢乐世界欢乐小镇\">\r\n	                            </div>\r\n	                    <h6><span class=\"icon dicon-point\"></span>十环过山车</h6>\r\n	                    <p><span class=\"icon dicon-point\"></span>创造了吉尼斯世界纪录的极限十环过山车，是世界上总长850米内翻滚次数至多的过山车，其翻转总环数超过亚洲任何一台过山车，它会载着你时而迅猛俯冲钻入地洞，时而盘旋上升越上云霄，时而惊险反转、时而急速骤降……中心连环旋转更有奇妙的同心惯力。环环相扣紧张刺激，环环不同充满惊喜，如驾御奔腾翻滚的矫龙，心中激起阵阵惊涛骇浪。下一环会有什么呢？总有意想不到的刺激！</p>\r\n	                            <div class=\"imgbox\">\r\n	                                <img to=\"http://pic.lvmama.com//uploads/pc/place2/2014-10-20/1413807128020.jpg\" width=\"720\" alt=\"广州长隆欢乐世界十环过山车\">\r\n	                            </div>\r\n	                    <h6><span class=\"icon dicon-point\"></span>U型滑板</h6>\r\n	                    <p><span class=\"icon dicon-point\"></span>很有特色的U型滑板，是跳楼机与过山车的完美结合，感受时尚的滑板活动，体验动感的生理极限。</p>\r\n	                            <div class=\"imgbox\">\r\n	                                <img to=\"http://pic.lvmama.com//uploads/pc/place2/2014-10-20/1413806558127.jpg\" width=\"720\" alt=\"广州长隆欢乐世界U型滑板\">\r\n	                            </div>\r\n	                    <h6><span class=\"icon dicon-point\"></span>奔跑吧兄弟拍摄基地</h6>\r\n	                    <p><span class=\"icon dicon-point\"></span>快跟邓超、Angelababy、郑凯、大黑牛、王祖蓝、陈赫一起奔跑！！</p>\r\n	                            <div class=\"imgbox\">\r\n	                                <img to=\"http://pic.lvmama.com//uploads/pc/place2/2015-06-02/a43bb345-7e3b-460b-a4fb-68253b0750d3.jpg\" width=\"720\" alt=\"广州长隆欢乐世界奔跑吧兄弟拍摄基地\">\r\n	                            </div>\r\n	                    <h6><span class=\"icon dicon-point\"></span>摩托过山车</h6>\r\n	                    <p><span class=\"icon dicon-point\"></span>英勇战将，驾驭高速摩托车，媲美F1赛车，像赛车手一样在车道中飞驰，全程兴奋、过瘾、惊奇。</p>\r\n	                            <div class=\"imgbox\">\r\n	                                <img width=\"720\" alt=\"广州长隆欢乐世界摩托过山车\" src=\"http://pic.lvmama.com//uploads/pc/place2/2014-10-20/1413807479560.jpg\">\r\n	                            </div>\r\n	                    <h6><span class=\"icon dicon-point\"></span>飓风飞椅</h6>\r\n	                    <p><span class=\"icon dicon-point\"></span>乘坐神奇飞椅，带你在空中不断高低变幻飞驰。</p>\r\n	                            <div class=\"imgbox\">\r\n	                                <img width=\"720\" alt=\"广州长隆欢乐世界飓风飞椅\" src=\"http://pic.lvmama.com//uploads/pc/place2/2014-10-20/1413807698885.jpg\">\r\n	                            </div>\r\n	                    <h6><span class=\"icon dicon-point\"></span>四维影院</h6>\r\n	                    <p><span class=\"icon dicon-point\"></span>（影片故事不定期更新，以景区当天放映为准）</p>\r\n	                            <div class=\"imgbox\">\r\n	                                <img width=\"720\" alt=\"广州长隆欢乐世界四维影院\" src=\"http://pic.lvmama.com//uploads/pc/place2/2017-12-14/85f7414a-20b0-46e3-a621-340675b3e425.jpg\">\r\n	                            </div>\r\n	                    <h6><span class=\"icon dicon-point\"></span>园区餐厅</h6>\r\n	                    <p><span class=\"icon dicon-point\"></span>美食众多，总有一款适合你胃口！</p>\r\n	                            <div class=\"imgbox\">\r\n	                                <img width=\"720\" alt=\"广州长隆欢乐世界园区餐厅\" src=\"http://pic.lvmama.com//uploads/pc/place2/2017-06-14/3c21ff97-9802-4591-b2d2-a4844b7f02e5.jpg\">\r\n	                            </div>\r\n	                            <div class=\"imgbox\">\r\n	                                <img width=\"720\" alt=\"广州长隆欢乐世界园区餐厅\" src=\"http://pic.lvmama.com//uploads/pc/place2/2017-06-14/be867a31-c707-4d1e-a2e0-2b77d2c455d9.jpg\">\r\n	                            </div>\r\n	                            <div class=\"imgbox\">\r\n	                                <img to=\"http://pic.lvmama.com//uploads/pc/place2/2017-06-14/2a648d83-0152-4e81-ac7a-04fb390b0103.jpg\" width=\"720\" alt=\"广州长隆欢乐世界园区餐厅\">\r\n	                            </div>\r\n	        </div>\r\n        <div class=\"darea noline\">\r\n            <h5>温馨提示</h5>\r\n            <p>1.在不能满足设备安全运行的恶劣天气，无法抗拒的自然灾害情况下（如雷电、雨雪、冰雹、大雾、暴雨、台风等），景区部分项目将临时关闭或部分关闭，表演会取消或部分取消。</p>\r\n            <p>2.严禁倒票，一经发现，相关电子门票作废，入园现场将不予承认，驴妈妈旅游网将不予退费并将相关账号、手机号列入黑名单。请广大用户选择驴妈妈官方网站或官方合作渠道购买，维护自身权益不被侵犯。</p>\r\n            <p>3.景区活动内容如有变动，以当日公告为准。景区所有项目均会定期进行日检、周检、月检和年度检修，相关检修工作可能会造成部分项目运行时间的延迟或暂停对游客开放，详情以景区现场公告为准。</p>\r\n            <p>4.为保障您的出游安全，驴妈妈建议您订购在线支付产品时选购相关旅游保险。</p>\r\n        </div>\r\n    </div>\r\n<a id=\"jtzn\" style=\"font-size:0; padding-top:35px; display:block;\" hidefocus=\"false\"></a>\r\n',175,'广州长隆欢乐世界','imgupload/b7c9d4a0-8341-42d1-b366-7dac2fb051f9.jpg',NULL),(84,'青青世界','qingqingshijie','广东省深圳市南山区月亮湾青青街1号','广东省','广州市',NULL,3,'<div id=\"policy\" class=\"dbox policy\" xmlns=\"http://www.w3.org/1999/html\">\r\n\r\n        <div class=\"dtitle\">\r\n\r\n            <h3 class=\"dtit\"><i class=\"icon dicon-policy\"></i>预订须知</h3>\r\n\r\n        </div>\r\n\r\n        <div class=\"dcontent\">\r\n\r\n            <div class=\"dactive\">\r\n\r\n                <!-- 多了个嵌套 darea-->\r\n\r\n                    <div class=\"darea\">\r\n\r\n                    <h5>免票政策</h5>\r\n\r\n                         <p>a. 1.2米（不含）以下的儿童免票。（免票儿童需由成人陪同入园，每位购票成人只可携带1名免票儿童入园）</p><p>b. 70周岁（含）以上的老人（凭有效身份证）免票。</p><p>* 以上信息仅供参考，具体以景区当日信息为准。</p>\r\n\r\n                    </div>\r\n\r\n\r\n\r\n                <div class=\"darea\">\r\n\r\n                						<h5> 优惠政策</h5>\r\n\r\n                                        <p>\r\n\r\n                                            a. 1.2米（含）～1.5米（不含）的儿童享优惠价。</p><p>b. 65周岁（含）～69周岁（含）的老人（凭有效身份证）享优惠价。（需到景区自行购买优惠票）</p><p>* 以上信息仅供参考，具体以景区当日信息为准。</p><p>\r\n\r\n                                        </p>\r\n\r\n                </div>\r\n\r\n            </div>\r\n\r\n            <div class=\"darea\">\r\n\r\n				<h5>安全须知</h5>\r\n\r\n				<p>1.为了您人身、财产的安全，请您避免在公开场合暴露贵重物品及大量现金。外出时需时刻看管好首饰、相机等随身物品。</p>\r\n\r\n				<p>2.游泳、漂流、潜水、浮潜、冲浪、快艇、滑雪、滑冰、热气球、高空跳伞、滑翔伞、动力伞、攀岩、登山、骑马、驾驶、温泉、冲沙、索道、蹦极等活动项目，均存在危险。参与前请根据自身条件，充分参考当地相关部门及其它专业机构的相关公告和建议后量力而行。请您在预订前阅读驴妈妈为您整理各项高风险活动的。<strong><a target=\"_blank\" href=\"http://zt.lvmama.com/subject/gaofengxian01-1959\">《安全须知》</a></strong></p>\r\n\r\n			</div>\r\n\r\n        </div>\r\n\r\n    </div>\r\n\r\n<div id=\"activity\" class=\"dbox activity\">\r\n\r\n    <!--如果没有精彩活动，则不显示精彩活动列表-->\r\n\r\n    </div>\r\n\r\n<div id=\"introduction\" class=\"dbox introduction\">\r\n\r\n        <div class=\"dtitle\">\r\n\r\n            <h2 class=\"dtit\"><i class=\"icon dicon-introduction\"></i>景点介绍</h2>\r\n\r\n        </div>\r\n\r\n	        <div class=\"dcontent\">\r\n\r\n	                <h4>您需要知道的“青青世界”</h4>\r\n\r\n	                <div class=\"introduction-ts\">\r\n\r\n	                    <p><em>特色1</em>“鹏城十景”之一</p>\r\n\r\n	                    <p><em>特色2</em>约20万平方米的休闲度假主题观光农场</p>\r\n\r\n	                    <p><em>特色3</em>逼真的恐龙声响，仿佛回到了侏罗纪时代</p>\r\n\r\n	                    <p><em>特色4</em>热带雨林效果制造得很好，让人感觉仿佛身临其镜</p>\r\n\r\n	                </div>\r\n\r\n	                <ul class=\"ul\">\r\n\r\n	                        <li></li>\r\n\r\n	                </ul>\r\n\r\n	\r\n\r\n	            <h4>青青世界简介</h4>\r\n\r\n	            <p>青青世界是一家以休闲度假为主题的观光农场，为“鹏城十景”之一。园区占地面积约20万平方米，景区为分侏罗纪公园、蝴蝶谷、瓜果园、陶艺馆、园艺馆等，另建有欧陆风情的木屋别墅、酒店客户、中餐厅、游泳池、钓鱼池等。园中的游乐项目有制陶、垂钓、蜡雕、手工纺织、编织中国结、城市农夫、制做唐山彩陶版画、蜡染等，妙趣横生，很能锻炼人的动手能力。</p>\r\n\r\n	                    <h6><span class=\"icon dicon-point\"></span>清凉一夏</h6>\r\n\r\n	                    <p><span class=\"icon dicon-point\"></span>夏日炎炎，热浪滚滚，深圳进入烧烤模式。去哪里避暑纳凉？逛商场享受免费空调？可惜空气不够清新。去海滨享受惬意海水浴？只怕变成了塞车一日游。酷暑纳凉好去处，当然选青青世界：浓密的绿荫将炙热的阳光撕成温凉的碎片，洒落一地。雨林中弥漫的水雾清凉滋润，行走其中，暑气消失殆尽。渴了，在累累果树下饮一杯清凉饮料，被冰爽清甜浸润；热了，去清清泳池里挥臂激浪，融入碧水蓝天间，让自己享受一个清凉，清静的轻松假日。</p>\r\n\r\n	                            <div class=\"imgbox\">\r\n\r\n	                                <img width=\"720\" alt=\"青青世界清凉一夏\" src=\"http://pic.lvmama.com//uploads/pc/place2/2016-10-12/de6caead-385f-4fb4-8fba-c52450cd8575.jpg\">\r\n\r\n	                            </div>\r\n\r\n	                            <div class=\"imgbox\">\r\n\r\n	                                <img to=\"http://pic.lvmama.com//uploads/pc/place2/2016-10-12/273120e1-b831-4512-9c60-611f470f8ef1.jpg\" width=\"720\" alt=\"青青世界清凉一夏\">\r\n\r\n	                            </div>\r\n\r\n	                            <div class=\"imgbox\">\r\n\r\n	                                <img to=\"http://pic.lvmama.com//uploads/pc/place2/2016-10-12/83656bfe-094c-4448-8d5d-781e213ea2eb.jpg\" width=\"720\" alt=\"青青世界清凉一夏\">\r\n\r\n	                            </div>\r\n\r\n	                    <h6><span class=\"icon dicon-point\"></span>热带雨林</h6>\r\n\r\n	                    <p><span class=\"icon dicon-point\"></span>有“地球之肺” 之称的热带雨林，物种丰富，是世界上生物学家、地理学家和探险家的乐园。走进青青世界雾气缭绕、空气甜美的雨林去探寻会爬树的青蛙、会吃虫的草、会变色的蜥蜴、来自亚马逊河重达上百公斤的海象鱼、独木成林的大榕树以及各种奇花异草。你会有刹那间“不知今夕是何时”的时空错位之感。穿过雨林，登上彩虹桥，在愕然间，你更会发现有那水彩蜡笔和万花筒也画不出的天边那一道彩虹，你会惊叹大自然的美丽。</p>\r\n\r\n	                            <div class=\"imgbox\">\r\n\r\n	                                <img to=\"http://pic.lvmama.com//uploads/pc/place2/2016-10-12/f02abd9f-3055-4b1c-abb3-4ee6b0b5ffaa.jpg\" width=\"720\" alt=\"青青世界热带雨林\">\r\n\r\n	                            </div>\r\n\r\n	                            <div class=\"imgbox\">\r\n\r\n	                                <img to=\"http://pic.lvmama.com//uploads/pc/place2/2016-10-12/6355e01d-f293-4c58-a40d-aa1f2466cb69.jpg\" width=\"720\" alt=\"青青世界热带雨林\">\r\n\r\n	                            </div>\r\n\r\n	                            <div class=\"imgbox\">\r\n\r\n	                                <img to=\"http://pic.lvmama.com//uploads/pc/place2/2016-10-12/f11c8529-eee7-4f59-b22a-cddea2e57ebf.jpg\" width=\"720\" alt=\"青青世界热带雨林\">\r\n\r\n	                            </div>\r\n\r\n	                            <div class=\"imgbox\">\r\n\r\n	                                <img to=\"http://pic.lvmama.com//uploads/pc/place2/2016-10-12/c3fa7986-1849-4728-8ecb-156f2707437d.jpg\" width=\"720\" alt=\"青青世界热带雨林\">\r\n\r\n	                            </div>\r\n\r\n	                            <div class=\"imgbox\">\r\n\r\n	                                <img to=\"http://pic.lvmama.com//uploads/pc/place2/2017-09-21/1e0d2f4f-a266-4fc0-9a77-333a894ec080.jpg\" width=\"720\" alt=\"青青世界热带雨林\">\r\n\r\n	                            </div>\r\n\r\n	                    <h6><span class=\"icon dicon-point\"></span>侏罗纪公园</h6>\r\n\r\n	                    <p><span class=\"icon dicon-point\"></span>郁郁葱葱的热带雨林中，隐没着曾经统治这个星球的动物种群——恐龙。这些史前生物神态各异，分布在近百米的步道旁边，形态各异栩栩如生。不经意的人们会被吓的打冷颤，这儿的每一种恐龙，我们都做了详细的文字介绍，说明它的习性以及生存年代等，把人们的思绪引到神秘而遥远的侏罗纪。</p>\r\n\r\n	                            <div class=\"imgbox\">\r\n\r\n	                                <img to=\"http://pic.lvmama.com//uploads/pc/place2/2016-10-12/a6b828fc-43b9-4afb-a82f-ddbc8f8b616e.jpg\" width=\"720\" alt=\"青青世界侏罗纪公园\">\r\n\r\n	                            </div>\r\n\r\n	                            <div class=\"imgbox\">\r\n\r\n	                                <img to=\"http://pic.lvmama.com//uploads/pc/place2/2017-09-21/9467f1b4-fc30-4e15-93ee-ff5143d9a7fb.jpg\" width=\"720\" alt=\"青青世界侏罗纪公园\">\r\n\r\n	                            </div>\r\n\r\n	                            <div class=\"imgbox\">\r\n\r\n	                                <img to=\"http://pic.lvmama.com//uploads/pc/place2/2016-10-12/44a3fe8d-cb82-4c7d-8634-609a397ca5dd.jpg\" width=\"720\" alt=\"青青世界侏罗纪公园\">\r\n\r\n	                            </div>\r\n\r\n	                    <h6><span class=\"icon dicon-point\"></span>蝴蝶谷</h6>\r\n\r\n	                    <p><span class=\"icon dicon-point\"></span>蝴蝶被誉为“会飞的花朵”，大自然的舞蹈家。青青世界的“蝴蝶谷”占地几千平方米。为了让游客随时都能到青青世界欣赏蝴蝶，农场采用人工控温的方式，将场内温度控制在适宜蝴蝶生长的27.5摄氏度，营造一年四季都有蝴蝶起舞的迷人景色。蝴蝶农场也是青青世界“森林小学”的课堂，配合学校的春秋游和课外活动，安排讲解人员向中、小学生介绍蝴蝶生态知识。</p>\r\n\r\n	                            <div class=\"imgbox\">\r\n\r\n	                                <img to=\"http://pic.lvmama.com//uploads/pc/place2/2016-10-12/3fe22d47-ed80-4a15-a9e9-55ec11527145.jpg\" width=\"720\" alt=\"青青世界蝴蝶谷\">\r\n\r\n	                            </div>\r\n\r\n	                            <div class=\"imgbox\">\r\n\r\n	                                <img to=\"http://pic.lvmama.com//uploads/pc/place2/2016-10-12/05b64a3d-dc57-4076-a27d-c65e9a4e49a3.jpg\" width=\"720\" alt=\"青青世界蝴蝶谷\">\r\n\r\n	                            </div>\r\n\r\n	                    <h6><span class=\"icon dicon-point\"></span>瓜果园</h6>\r\n\r\n	                    <p><span class=\"icon dicon-point\"></span>青青世界瓜果公园种植各类具观赏性和食用性的瓜果蔬菜，其中以蛇瓜、葫芦瓜、大南瓜等为特色。园内种有各类具观赏、且具食用性的瓜果蔬菜。其中荔枝、芒果、蛇瓜、葫芦瓜、大南瓜是园内特色，尤其是大南瓜，引进美国品种，采用无土栽培和滴灌技，24小时可生长3～5斤，可重达180斤。另设有“城市农夫”自留地，供客人亲自耕种、收获。</p>\r\n\r\n	                            <div class=\"imgbox\">\r\n\r\n	                                <img to=\"http://pic.lvmama.com//uploads/pc/place2/2016-10-12/119f6810-ad43-46f0-af12-edc6c652d726.jpg\" width=\"720\" alt=\"青青世界瓜果园\">\r\n\r\n	                            </div>\r\n\r\n	                            <div class=\"imgbox\">\r\n\r\n	                                <img to=\"http://pic.lvmama.com//uploads/pc/place2/2016-10-12/edb20b89-3aef-4161-8ce4-76cc8640980d.jpg\" width=\"720\" alt=\"青青世界瓜果园\">\r\n\r\n	                            </div>\r\n\r\n	                            <div class=\"imgbox\">\r\n\r\n	                                <img to=\"http://pic.lvmama.com//uploads/pc/place2/2016-10-12/4f598f16-7bbc-4303-b665-36ef5fa9a968.jpg\" width=\"720\" alt=\"青青世界瓜果园\">\r\n\r\n	                            </div>\r\n\r\n	                    <h6><span class=\"icon dicon-point\"></span>园艺馆</h6>\r\n\r\n	                    <p><span class=\"icon dicon-point\"></span>先有鸡还是先有蛋？废弃的饮料瓶盖还能这么玩？电风扇也可以是这样的？花花草草在园艺馆怎么这么有型！走进青青世界生态园艺馆，领略不一样的环保与创意。</p>\r\n\r\n	                            <div class=\"imgbox\">\r\n\r\n	                                <img to=\"http://pic.lvmama.com//uploads/pc/place2/2016-10-12/377458ca-4bcd-4fb5-b0c7-a29ed97af904.jpg\" width=\"720\" alt=\"青青世界园艺馆\">\r\n\r\n	                            </div>\r\n\r\n	                            <div class=\"imgbox\">\r\n\r\n	                                <img to=\"http://pic.lvmama.com//uploads/pc/place2/2016-10-12/3e1ec7a2-f5c5-47d5-903a-6bf1e27e34e7.jpg\" width=\"720\" alt=\"青青世界园艺馆\">\r\n\r\n	                            </div>\r\n\r\n	                    <h6><span class=\"icon dicon-point\"></span>陶艺馆</h6>\r\n\r\n	                    <p><span class=\"icon dicon-point\"></span>陶瓷被称为“火与土的艺术”，“以太古之土，用新鲜的火”烧制的艺术品，是人类古老的工艺。青青世界陶艺馆向游客展示陶的制作过程：炼泥、拉坯、修坯、上釉、烧制，并提供游客亲手参与制作的机会，体验陶艺的浪漫情怀。展厅展出的青青世界陶艺师傅精心制作的陶艺品，主要以佛山石湾窑为主要风格，反映日常生活的陶塑小品。如有兴趣，买一件带回家，也会是一件不错的装饰艺术品。</p>\r\n\r\n	                            <div class=\"imgbox\">\r\n\r\n	                                <img to=\"http://pic.lvmama.com//uploads/pc/place2/2016-10-12/3af801ad-a44b-4cb7-b4e5-8bffd00da19e.jpg\" width=\"720\" alt=\"青青世界陶艺馆\">\r\n\r\n	                            </div>\r\n\r\n	                            <div class=\"imgbox\">\r\n\r\n	                                <img to=\"http://pic.lvmama.com//uploads/pc/place2/2017-09-21/44cb2ca1-f8b1-4bc9-87ed-f940951b5c26.jpg\" width=\"720\" alt=\"青青世界陶艺馆\">\r\n\r\n	                            </div>\r\n\r\n	                            <div class=\"imgbox\">\r\n\r\n	                                <img to=\"http://pic.lvmama.com//uploads/pc/place2/2016-10-12/cea012df-4297-427f-9e67-777d9cd404ab.jpg\" width=\"720\" alt=\"青青世界陶艺馆\">\r\n\r\n	                            </div>\r\n\r\n	                            <div class=\"imgbox\">\r\n\r\n	                                <img to=\"http://pic.lvmama.com//uploads/pc/place2/2016-10-12/a3c42eb0-0589-4084-be81-dbe7fb0557be.jpg\" width=\"720\" alt=\"青青世界陶艺馆\">\r\n\r\n	                            </div>\r\n\r\n	                    <h6><span class=\"icon dicon-point\"></span>青青世界酒店</h6>\r\n\r\n	                    <p><span class=\"icon dicon-point\"></span>深圳青青世界酒店座落于深圳蛇口经济特区，是一家以绿色环保为主题的商务度假型酒店。酒店倚山面海，环境优美，在闹市中独辟绿洲。深圳青青世界酒店设有风格独特的客房，设有中、西餐厅、宴会厅和各类大小包房、茶艺馆。酒店设有可容纳300人的多功能厅及容纳30-120人的中小型会议室9间，满足客人对商务、会议、培训、宴会等各种需求。酒店还设有各种健康时尚的康体、娱乐设施：健身器材、足浴中心、游泳池、桌球室、乒乓室、户外拓展场等。</p>\r\n\r\n	                            <div class=\"imgbox\">\r\n\r\n	                                <img to=\"http://pic.lvmama.com//uploads/pc/place2/2016-10-12/155ef137-0e69-4f1e-aa1b-ef7c6b7536ca.jpg\" width=\"720\" alt=\"青青世界青青世界酒店\">\r\n\r\n	                            </div>\r\n\r\n	                            <div class=\"imgbox\">\r\n\r\n	                                <img to=\"http://pic.lvmama.com//uploads/pc/place2/2016-10-12/e19a724a-ec5a-4d57-a6a3-a2469f67579d.jpg\" width=\"720\" alt=\"青青世界青青世界酒店\">\r\n\r\n	                            </div>\r\n\r\n	                            <div class=\"imgbox\">\r\n\r\n	                                <img to=\"http://pic.lvmama.com//uploads/pc/place2/2016-10-12/d634519a-83c3-4dea-9c60-b25f63e89cd5.jpg\" width=\"720\" alt=\"青青世界青青世界酒店\">\r\n\r\n	                            </div>\r\n\r\n	                            <div class=\"imgbox\">\r\n\r\n	                                <img to=\"http://pic.lvmama.com//uploads/pc/place2/2016-10-12/114e8606-1f39-41bf-8e1b-149b4590d20e.jpg\" width=\"720\" alt=\"青青世界青青世界酒店\">\r\n\r\n	                            </div>\r\n\r\n	                            <div class=\"imgbox\">\r\n\r\n	                                <img to=\"http://pic.lvmama.com//uploads/pc/place2/2016-10-12/3df3e4ec-2b2e-4104-b234-bbdb003ceaa7.jpg\" width=\"720\" alt=\"青青世界青青世界酒店\">\r\n\r\n	                            </div>\r\n\r\n	                            <div class=\"imgbox\">\r\n\r\n	                                <img to=\"http://pic.lvmama.com//uploads/pc/place2/2016-10-12/b14e2224-a32f-4d94-8e88-dc8de7a0aa51.jpg\" width=\"720\" alt=\"青青世界青青世界酒店\">\r\n\r\n	                            </div>\r\n\r\n	        </div>\r\n\r\n        <div class=\"darea noline\">\r\n\r\n            <h5>温馨提示</h5>\r\n\r\n            <p>1.在不能满足设备安全运行的恶劣天气，无法抗拒的自然灾害情况下（如雷电、雨雪、冰雹、大雾、暴雨、台风等），景区部分项目将临时关闭或部分关闭，表演会取消或部分取消。</p>\r\n\r\n            <p>2.严禁倒票，一经发现，相关电子门票作废，入园现场将不予承认，驴妈妈旅游网将不予退费并将相关账号、手机号列入黑名单。请广大用户选择驴妈妈官方网站或官方合作渠道购买，维护自身权益不被侵犯。</p>\r\n\r\n            <p>3.景区活动内容如有变动，以当日公告为准。景区所有项目均会定期进行日检、周检、月检和年度检修，相关检修工作可能会造成部分项目运行时间的延迟或暂停对游客开放，详情以景区现场公告为准。</p>\r\n\r\n            <p>4.为保障您的出游安全，驴妈妈建议您订购在线支付产品时选购相关旅游保险。</p>\r\n\r\n        </div>\r\n\r\n    </div>',75,'青青世界','imgupload/30841c56-b913-4dff-83e3-e04344e71fa9.jpg',NULL),(85,NULL,NULL,NULL,NULL,NULL,NULL,NULL,NULL,0,NULL,NULL,NULL);

/*Table structure for table `scenicimage` */

DROP TABLE IF EXISTS `scenicimage`;

CREATE TABLE `scenicimage` (
  `id` int(11) NOT NULL AUTO_INCREMENT COMMENT '主键',
  `path` varchar(200) DEFAULT NULL COMMENT '图片路径',
  `scenicwayid` int(11) DEFAULT NULL COMMENT '线路表外键',
  `scenicid` int(11) DEFAULT NULL COMMENT '景点表外键',
  PRIMARY KEY (`id`),
  KEY `scenicid` (`scenicid`),
  CONSTRAINT `scenicimage_ibfk_1` FOREIGN KEY (`scenicid`) REFERENCES `scenic` (`id`)
) ENGINE=InnoDB AUTO_INCREMENT=1290 DEFAULT CHARSET=utf8;

/*Data for the table `scenicimage` */

insert  into `scenicimage`(`id`,`path`,`scenicwayid`,`scenicid`) values (6,'imgupload/a641f44c-6abb-45df-bbea-e6840da53ce7_480_320.jpg',NULL,2),(7,'imgupload/031d41d6-88e9-49c7-9cb0-f917c1d78a95_480_320.jpg',NULL,2),(8,'imgupload/00632508-d96e-4997-ae69-da50ee3cd95e_480_320.jpg',NULL,2),(9,'imgupload/3db34736-752e-425b-87d0-c6420162ac30_480_320.jpg',NULL,2),(10,'imgupload/49d6a3ea-71e4-4bf5-a93e-a5c3d0fc7a4d_480_320.jpg',NULL,2),(11,'imgupload/68ab7407-d18f-443f-ac17-8c6b3fa40d78_480_320.jpg',NULL,2),(12,'imgupload/8f08e759-ce6f-4d57-8a7c-a42a85a689f6_480_320.jpg',NULL,2),(13,'imgupload/da767a2f-ca66-43b5-a770-2b30aac49900_480_320.jpg',NULL,2),(30,'imgupload/819ad67f-aea4-426f-ada9-c4fb42302220.jpg',NULL,26),(31,'imgupload/36aa5724-9212-4193-874e-621fdaed6282.jpg',NULL,26),(34,'imgupload/b6126f93-d453-4e73-a7e3-ef03995b9079.jpg',NULL,29),(35,'imgupload/4ac224fe-b0fb-4a0e-9c6e-a85f00d3b90b.jpeg',NULL,29),(36,'imgupload/eab7c32c-930d-44f5-9f7d-b5332655d47c.jpg',NULL,30),(37,'imgupload/db922b75-eda0-4552-9bc9-f1db2dcf6a5d.jpeg',NULL,30),(38,'imgupload/f0cf15f7-ef97-4470-b492-b1d1a51279f0.jpg',NULL,31),(39,'imgupload/7901a65d-441d-4f4f-86c5-39f7fc211995.jpg',NULL,32),(40,'imgupload/0842d8ee-4c5b-4ca8-80b9-6d58589f7817.png',NULL,33),(41,'imgupload/05fef1bb-d7b2-445b-831d-09168c99cb4b.png',NULL,34),(42,'imgupload/f79b6b09-3fc4-4f98-8ff2-f7d240079e56.png',NULL,35),(43,'imgupload/0a445c6d-ec4d-4c4c-8ee6-7d7c24c0609b.png',NULL,36),(45,'imgupload/b2b23828-2109-474f-93b8-3e4a84c7b1cf.jpg',NULL,38),(46,'imgupload/8bfb16b9-1b85-47f6-a213-6916dec68267.png',NULL,39),(47,'imgupload/f055147a-fbc3-41c8-82dd-85dafbb1be95.png',NULL,40),(48,'imgupload/6dd5f5ff-ed43-4a99-85d5-2cb3ce51bc1c.jpg',NULL,41),(49,'imgupload/3311bf80-914c-4e03-9d0a-0858e4ea4168.png',NULL,43),(50,'image/f79c5d15-eff6-4c56-a292-754710f949a1.jpg',1,NULL),(51,'image/f79c5d15-eff6-4c56-a292-754710f949a1.jpg',1,NULL),(52,'image/f79c5d15-eff6-4c56-a292-754710f949a1.jpg',1,NULL),(53,'image/f79c5d15-eff6-4c56-a292-754710f949a1.jpg',2,NULL),(54,'image/f79c5d15-eff6-4c56-a292-754710f949a1.jpg',2,NULL),(55,'image/f79c5d15-eff6-4c56-a292-754710f949a1.jpg',3,NULL),(57,'image/f79c5d15-eff6-4c56-a292-754710f949a1.jpg',3,NULL),(58,'image/f79c5d15-eff6-4c56-a292-754710f949a1.jpg',4,NULL),(59,'image/f79c5d15-eff6-4c56-a292-754710f949a1.jpg',4,NULL),(60,'image/f79c5d15-eff6-4c56-a292-754710f949a1.jpg',5,NULL),(61,'image/f79c5d15-eff6-4c56-a292-754710f949a1.jpg',5,NULL),(62,'image/f79c5d15-eff6-4c56-a292-754710f949a1.jpg',6,NULL),(63,'image/f79c5d15-eff6-4c56-a292-754710f949a1.jpg',6,NULL),(64,'image/f79c5d15-eff6-4c56-a292-754710f949a1.jpg',6,NULL),(65,'image/f79c5d15-eff6-4c56-a292-754710f949a1.jpg',8,NULL),(66,'image/f79c5d15-eff6-4c56-a292-754710f949a1.jpg',8,NULL),(85,'imgupload/c784acee-aca8-4707-99af-1e76ab3b32ad.jpg',NULL,46),(86,'imgupload/c62846b5-e67c-43dd-aae1-c0ddfa987e82.jpg',NULL,46),(87,'imgupload/17b29228-0c9c-449b-9772-d9e7aaea3052.jpg',NULL,46),(88,'imgupload/4ebd6642-011a-4297-a1e2-bc7a33c0fc03.jpg',NULL,46),(89,'imgupload/2d6060e5-7da1-48c7-b40e-4354a24f42d9.jpg',NULL,46),(90,'imgupload/2463d71b-37b0-40b7-8b4f-1e4776f145a7.jpg',NULL,46),(91,'imgupload/33abf3d7-184c-45af-bf0c-e4d92d8b1c1a.jpg',NULL,46),(92,'imgupload/02bfd4af-395b-4470-af91-afa79006d086.jpg',NULL,47),(93,'imgupload/781a0348-c75e-4e96-bd70-5d7933393000.jpg',NULL,47),(94,'imgupload/b61b1304-ad48-4175-b2a7-77216d684a1e.jpg',NULL,47),(95,'imgupload/ac10148a-9475-4e6c-b5d9-32983275a358.jpg',NULL,47),(96,'imgupload/362393bf-f286-486d-9f29-6f8f9e1b4592.jpg',NULL,47),(97,'imgupload/6e6af09b-44d5-4861-9ba3-2798bb4cca8a.jpg',NULL,47),(98,'imgupload/0332796c-5b75-44b6-9d9f-13115dc790e6.jpg',NULL,47),(99,'imgupload/d17a05a8-74c9-41eb-983c-e388ba678e4a.jpg',NULL,47),(100,'imgupload/ac65c01a-88e5-447d-9173-bda5436c1242.jpg',NULL,47),(101,'imgupload/d832bf55-c891-4b73-b78d-039ba9167a30.jpg',NULL,47),(102,'imgupload/4a9ae92e-7c02-431b-bab3-e657980e4789.jpg',NULL,47),(103,'imgupload/619dcefa-fa1f-4041-afc2-23ddbc99d254.jpg',NULL,47),(104,'imgupload/f0203b3a-9043-43da-b7b0-eec45b62ca36.jpg',NULL,47),(105,'imgupload/a576f85c-8a9c-4fda-9d53-483f6c157cf6.jpg',NULL,47),(106,'imgupload/b3869387-8d1a-46e0-8134-1d4406c1a17d.jpg',NULL,47),(107,'imgupload/8661ecd7-3329-4393-9d48-435a0234da87.jpg',NULL,47),(108,'imgupload/e81de3e2-d46f-4417-82f5-8de65bcf2d4f.jpg',NULL,47),(109,'imgupload/22440276-cf7d-4756-9234-6ada972a1983.jpg',NULL,47),(110,'imgupload/8b44e8fa-ee70-42f9-8046-b172f09472c5.jpg',NULL,47),(111,'imgupload/6bbcce4e-a56c-4ea8-997d-512d20ec9f20.jpg',NULL,47),(113,'imgupload/1f398a2e-3c20-4a29-abb7-72fa712feaa8.jpg',NULL,28),(116,'imgupload/8ee112ef-5347-46c1-a7e3-49689aef7373.jpeg',NULL,27),(117,'',1,NULL),(118,'imgupload/b873a965-4cf9-4851-9173-11cc1fab06f7.jpeg',1,NULL),(119,'imgupload/7c8b4cf3-dbcf-4af9-b0d3-024a701f3902.jpeg',1,NULL),(125,'imgupload/ac6939bd-5d0f-439b-9cdd-0178120bf481.jpeg',22,NULL),(126,'imgupload/f43160da-d9cb-45ec-bf26-abd423b33f58.jpeg',22,NULL),(147,'imgupload/9e4da840-f909-4695-8171-9a90ce7c8cec.jpeg',12,NULL),(148,'imgupload/849ee834-f8f3-4043-8488-1924be05a126.jpeg',12,NULL),(149,'imgupload/9e4da840-f909-4695-8171-9a90ce7c8cec.jpeg',12,NULL),(150,'imgupload/5c557f7a-af9c-4621-9f38-81fb48966145.jpeg',12,NULL),(151,'imgupload/e038c291-e238-45b3-abe5-05545434a759.jpeg',12,NULL),(156,'imgupload/fd5c7aad-419a-4294-908b-e2a11edc85d1.jpeg',13,NULL),(157,'imgupload/f51fbaf4-a636-43a3-b2fd-480947b53635.jpeg',13,NULL),(158,'imgupload/3181cf04-cb96-42b2-b8a6-4f48fb4b3a07.jpeg',13,NULL),(159,'imgupload/e923eb02-7608-46ca-a7b2-d83f53c1f040.jpeg',13,NULL),(160,'imgupload/fd5c7aad-419a-4294-908b-e2a11edc85d1.jpeg',13,NULL),(226,'imgupload/5c1a8988-051c-4e93-a078-cd92cb8b3856.jpg',NULL,1),(227,'imgupload/88e250a8-0384-4581-a0a8-46a03617a9b4.jpg',NULL,1),(228,'imgupload/3b1d3a45-2ac2-4541-b1f7-e6eb2409f1c2.jpg',NULL,1),(229,'imgupload/7df7b622-5928-49c4-a721-5c7b9c78d1bf.jpg',NULL,1),(473,'imgupload/8a618c2e-f139-4c41-8a6f-3801e94d4c3b.jpg',NULL,75),(474,'imgupload/86850944-64ae-476b-bb90-30091cea9e6c.jpg',NULL,75),(475,'imgupload/0d2457c7-2ceb-417c-b32c-33ae1772c9bb.jpg',NULL,75),(476,'imgupload/27884774-41df-48c7-ae7c-6ffefdd3d03f.jpg',NULL,75),(528,'imgupload/7b9b7a05-ee67-4edc-9c97-c0aa4636bd36.jpg',NULL,51),(529,'imgupload/927f5176-4079-4baf-8961-03c16302f69c.jpg',NULL,51),(530,'imgupload/e5dd1dea-7423-4933-a6e0-d96d9dd0aca0.jpg',NULL,51),(531,'imgupload/19d8136d-d98f-49ff-8257-c6f2fe2e16f0.jpg',NULL,51),(532,'imgupload/b2cfed10-6845-4b78-acf7-be3e4bcc85a0.jpg',NULL,52),(533,'imgupload/53aaad82-6a66-449a-89f2-7d4e3b3b571d.jpg',NULL,52),(534,'imgupload/9c68bee6-5bf1-498f-b4e4-70d724444d7f.jpg',NULL,52),(535,'imgupload/47df108d-31d1-4197-a84d-67014c1dce4e.jpg',NULL,52),(536,'imgupload/1f321297-1fd9-4819-a153-84d2658b5320.jpg',NULL,52),(537,'imgupload/d8acf12d-0025-4b7d-99dd-d82743e34b6f.jpg',NULL,53),(538,'imgupload/50040cdb-4621-4b32-a2f6-4d2f52a7da4d.jpg',NULL,53),(539,'imgupload/ab3bace3-5b1d-4bc0-88fe-ae901ae9327f.jpg',NULL,53),(540,'imgupload/99d3cafc-c622-4cce-aaec-41f5d4988724.jpg',NULL,53),(541,'imgupload/818a5a07-ed3b-4a3d-9607-a20111c27752.jpg',NULL,53),(542,'imgupload/0a7db8be-0d38-470b-87a2-57c8eaf6b135.jpg',NULL,53),(543,'imgupload/42f26274-68fd-4bb0-9595-b247b2babde6.jpg',NULL,53),(544,'imgupload/9fb3afef-7a13-445d-ae84-a65560165c28.jpg',NULL,54),(545,'imgupload/dceaaece-fe67-42bd-b7cb-8d1e8cfa6100.jpg',NULL,54),(546,'imgupload/1fa817a1-ba33-454e-9809-8d3887cdef05.jpg',NULL,54),(547,'imgupload/53091da7-55b2-4a0c-b928-d2a81f70c089.jpg',NULL,54),(548,'imgupload/aebf7902-ee2f-40c3-8d8b-561bf86eb710.jpg',NULL,54),(549,'imgupload/83ba3d51-4e9b-4297-a2fd-fae8706f378a.jpg',NULL,54),(550,'imgupload/d8bf5d61-a492-4e9c-81c2-3e59b99b316f.jpg',NULL,54),(551,'imgupload/5a6e4158-ff9f-455f-981a-39cef32d3064.jpg',NULL,54),(552,'imgupload/86bac963-75f7-4cab-8a98-a783dc184270.jpg',NULL,55),(553,'imgupload/c6464075-0d47-4e44-abd5-19830b92ab8a.jpg',NULL,55),(554,'imgupload/b69c95b3-8862-4368-a6bf-b2e24d49ea05.jpg',NULL,55),(555,'imgupload/f6163bfd-22dd-403a-b259-7aa98f5227f3.jpg',NULL,55),(556,'imgupload/57d197e2-93a3-4ec7-b25a-31a6ae431989.jpg',NULL,55),(557,'imgupload/a4715a4a-95d4-46d7-88be-ac7e7e413431.jpg',NULL,55),(558,'imgupload/4b49e750-8566-4030-9a0f-69dedf79f38e.jpg',NULL,55),(559,'imgupload/75fe64e2-a2c2-484c-8b1a-9d19734d6483.jpg',NULL,55),(560,'imgupload/0fb70f44-3c77-4f6d-beb3-ed06f7e7f207.jpg',NULL,55),(561,'imgupload/7d8d0097-2a19-4d8c-ab84-2db4ae9a96b5.jpg',NULL,56),(562,'imgupload/23b4bf59-6d8e-4e58-8125-9db2b5074520.jpg',NULL,56),(563,'imgupload/d46713b1-525f-4d09-9121-5da18b81b30a.jpg',NULL,56),(564,'imgupload/eac29217-297e-4fc1-94d1-4656c191ad9f.jpg',NULL,56),(565,'imgupload/e68c8a57-4f2f-4fb6-89d8-bb6beef941a7.jpg',NULL,56),(566,'imgupload/ff67adf8-63fd-4d3d-a0e2-50eddfb053a1.jpg',NULL,56),(567,'imgupload/6c4d4ef2-086c-42b9-abe2-a68ca55d5425.jpg',NULL,56),(568,'imgupload/0e023752-7d3d-47eb-9306-4a2783415168.jpg',NULL,56),(569,'imgupload/e4d6b419-af20-4e23-91f1-d09ef0dc8e01.jpg',NULL,56),(570,'imgupload/f40fd05b-06d0-4be6-b2ca-6738df491c19.jpg',NULL,57),(571,'imgupload/41fe1c86-135b-49b0-add2-75eb673fdee0.jpg',NULL,57),(572,'imgupload/8fa0ee8c-a708-4a55-834a-6e27ad550b6a.jpg',NULL,57),(573,'imgupload/cc84721f-a95c-47da-9535-9a93acdb0cd3.jpg',NULL,57),(574,'imgupload/94ee2ce9-42eb-44a5-993b-06f96c1f5dff.jpg',NULL,57),(575,'imgupload/6b985b3f-208b-4b96-8b5a-8d49fb159189.jpg',NULL,57),(576,'imgupload/12f1d99c-da8d-4fba-b78c-5c36dd1940ea.jpg',NULL,57),(577,'imgupload/e6b9b386-01cd-4b7d-845c-4a6393e2af2f.jpg',NULL,57),(578,'imgupload/f86bb6ef-7c70-46c9-9721-9c4048f3225e.jpg',NULL,58),(579,'imgupload/abaf6b2e-9848-472f-9ef3-432146c203c7.jpg',NULL,58),(580,'imgupload/ad44f80d-8eff-4005-9689-4186c9ea5f46.jpg',NULL,58),(581,'imgupload/9c4b6bf9-2676-4b2f-9137-e9b888083f81.jpg',NULL,58),(582,'imgupload/21361242-995d-4ef8-885c-08be6debb87e.jpg',NULL,58),(583,'imgupload/7cd70482-0dd0-4dfd-9d22-425d5648e817.jpg',NULL,58),(584,'imgupload/a7b6b8e0-f5c3-4846-86cd-2e3700fda2e7.jpg',NULL,58),(585,'imgupload/a2bdab9c-514c-4ca0-9843-fb9011698549.jpg',NULL,58),(586,'imgupload/83590c7c-75bb-4a99-85ce-82ede771796c.jpg',NULL,58),(587,'imgupload/b07ea07e-1399-42fd-90ab-989800c7bfb3.jpg',NULL,58),(588,'imgupload/efcbb155-8b28-4dc0-90bd-d886643d31f6.jpg',NULL,59),(589,'imgupload/bc7a8845-9204-4b25-a78f-6ea03e1e1088.jpg',NULL,59),(590,'imgupload/2ecdf56d-6149-4afe-8e9b-ce9af871084a.jpg',NULL,59),(591,'imgupload/932e5d92-acef-45ee-9f85-99bbccd14c10.jpg',NULL,59),(592,'imgupload/d63bb994-e24d-4b20-b442-585821e00ac5.jpg',NULL,59),(593,'imgupload/8b102ef9-d4fc-4c10-8ccf-3298c4e4f5b7.jpg',NULL,59),(594,'imgupload/f04c0dd2-c224-4965-860a-a05a9d4c16b7.jpg',NULL,59),(595,'imgupload/9d080c4c-1812-414e-8fc1-c44aba34269d.jpg',NULL,59),(596,'imgupload/bd80e5c3-2182-4858-a469-a4efb9f6bc45.jpg',NULL,59),(597,'imgupload/3b9cbd7b-867a-4494-86e7-43d222833599.jpg',NULL,59),(598,'imgupload/637ee8aa-f4e6-4170-bc0a-9aaf07cf20f5.jpg',NULL,60),(599,'imgupload/b2c18859-2ddc-4b16-a2b6-64c2907ed1c6.jpg',NULL,60),(600,'imgupload/cac8d319-4c27-49b7-9dc8-a749eade20ca.jpg',NULL,60),(601,'imgupload/c79c64ed-8a6f-479d-856d-d3e443c18eeb.jpg',NULL,60),(602,'imgupload/c291d054-4106-4e78-9450-1853fa82cb58.jpg',NULL,60),(603,'imgupload/dee16ca4-33cc-4967-9004-888931e9ab6d.jpg',NULL,61),(604,'imgupload/b29b7bb4-8ea8-4101-9d80-f417efda8513.jpg',NULL,61),(605,'imgupload/81fb8beb-cdfc-43fc-9e5e-efb30fb8f923.jpg',NULL,61),(606,'imgupload/95ecd2ab-b748-4262-a142-3b795db064fb.jpg',NULL,61),(607,'imgupload/0f234190-03dc-44a1-9e77-aefb29f732b7.jpg',NULL,61),(608,'imgupload/ae80fcd1-4bc7-4b0b-ab37-22df32b76651.jpg',NULL,61),(609,'imgupload/57ce617a-148b-4a3d-adec-ef90d6368a83.jpg',NULL,62),(610,'imgupload/559e303a-888f-4e55-99dc-6c5e6830c4cb.jpg',NULL,62),(611,'imgupload/c631f31b-2094-4813-9f2e-a8ab501311e9.jpg',NULL,62),(612,'imgupload/94709d86-4aaa-46b1-b169-bcb4899f42bb.jpg',NULL,62),(613,'imgupload/cb8f3265-fe1b-4a5d-b409-cfac3382d6fb.jpg',NULL,62),(614,'imgupload/54f4f09a-caf7-42c1-a546-1c1fcd9db24b.jpg',NULL,62),(615,'imgupload/f3473566-e403-49c8-ac5a-6dfba55af9f3.jpg',NULL,62),(616,'imgupload/ef62c003-5329-439c-899c-d13de5851183.jpg',NULL,62),(617,'imgupload/cce4fab7-fb3d-4b64-95ea-d447c5a15054.jpg',NULL,63),(618,'imgupload/40fb3d7e-8540-46f1-a7d2-906cd1c6eb14.jpg',NULL,63),(619,'imgupload/706b0f0c-161f-4828-a878-a103bb00a2ef.jpg',NULL,63),(620,'imgupload/91fc9d50-02d5-48a1-ad0a-2278fc46206a.jpg',NULL,63),(621,'imgupload/fcd2937c-74f9-43ee-b572-792f42aae730.jpg',NULL,63),(622,'imgupload/e74a4ddd-9c48-4660-8295-6b9fcf8ec81a.jpg',NULL,63),(623,'imgupload/91f2ae8d-5879-4036-91db-8a86810129e3.jpg',NULL,63),(624,'imgupload/5801e5c2-34d1-4e2f-b5b1-4f8311b75f1b.jpg',NULL,64),(625,'imgupload/2ef40e37-e9dd-4805-8c9a-209bb89b00b2.jpg',NULL,64),(626,'imgupload/4f6c0962-eb2f-43f6-87a0-9caaef0d4c4b.jpg',NULL,65),(627,'imgupload/160ae231-bee6-4d78-be17-c614ea03720e.jpg',NULL,65),(628,'imgupload/d74c98d5-9a20-4216-af1a-80f618eb5de7.jpg',NULL,65),(629,'imgupload/946e9aa6-1aca-42da-8144-97aa3353eb08.jpg',NULL,65),(630,'imgupload/56db174b-e9a2-4110-926f-a215ba8f72fc.jpg',NULL,66),(631,'imgupload/4a37739f-8746-4262-8cd9-0c5e00e28b5e.jpg',NULL,66),(632,'imgupload/518e0223-33f8-48e7-99bc-3955ff7d5c0b.jpg',NULL,66),(633,'imgupload/2ea03941-0c7d-46a0-aa44-3858e0b7029c.jpg',NULL,66),(634,'imgupload/7eb9bb22-1856-4ef7-835b-ab0b5e424f92.jpg',NULL,67),(635,'imgupload/1f42a6a6-90e9-4d84-ae2d-968434ab4326.jpg',NULL,67),(636,'imgupload/cd13997a-060b-4668-8c39-ba432e85e86d.jpg',NULL,67),(637,'imgupload/764eb5ed-5ce1-46e8-950b-2591838b5327.jpg',NULL,67),(638,'imgupload/a3d16e73-f2c7-4c1e-8622-f340e184a4c7.jpg',NULL,67),(639,'imgupload/8ec9e5e8-ce55-47ed-8c69-0cd9fb76ff55.jpg',NULL,67),(640,'imgupload/a13d281a-17dc-4d77-b130-6cfe890dfd1d.jpg',NULL,67),(641,'imgupload/39ed1920-6639-4a6e-b5ec-5806df12c94d.jpg',NULL,67),(642,'imgupload/90be50c5-5d24-4f22-8c2d-8bf3707683e5.jpg',NULL,68),(643,'imgupload/0a3dd3d7-c478-4fb4-a992-8d1c4dc127f7.jpg',NULL,68),(644,'imgupload/5d665e66-39aa-4610-bdc3-69ba52b329e8.jpg',NULL,68),(645,'imgupload/6b1be8e5-d522-4770-8e3f-db86dad1b2d4.jpg',NULL,68),(646,'imgupload/b6926a96-caa6-4e07-b1ae-1f2132c93d2e.jpg',NULL,68),(647,'imgupload/114b2167-d7a9-4d8a-afc7-576741894695.jpg',NULL,69),(648,'imgupload/11e34e3b-6ec8-4c96-8adb-3dd8b9d52fb6.jpg',NULL,69),(649,'imgupload/852d4aab-1922-4d0c-8272-1d802604c8da.jpg',NULL,69),(650,'imgupload/e4ab1682-423c-430d-81fd-24de46de20f7.jpg',NULL,69),(651,'imgupload/90a36105-8307-4a56-b710-3cbca3ac79a3.jpg',NULL,69),(652,'imgupload/ddca0d3b-fb7f-45b2-b130-e21292b4a96c.jpg',NULL,69),(653,'imgupload/887ed845-9d49-41b3-ae01-d1854edea1cc.jpg',NULL,70),(654,'imgupload/a9bfda6f-1073-4448-8998-b0379be52a2c.jpg',NULL,70),(655,'imgupload/d7b54368-e500-477a-b742-2e1e03f7c265.jpg',NULL,70),(656,'imgupload/f7fe56a0-0351-486b-86bc-7a6d5b3d9d01.jpg',NULL,70),(657,'imgupload/a0fb8162-c96f-49f8-ac22-9e55d8949ee8.jpg',NULL,70),(658,'imgupload/c958155d-63fd-41d8-b5a2-bacc6afef516.jpg',NULL,70),(670,'imgupload/21729ebb-eb0e-4bb6-847b-d7668499e0ef.jpg',NULL,71),(671,'imgupload/67bcbefb-8a16-4556-b1ac-760032a35de0.jpg',NULL,71),(672,'imgupload/a827972d-2810-4828-965b-e7bf35c7aae9.jpg',NULL,71),(673,'imgupload/1bd5dccd-46db-48ae-887a-b8e0ca0d82e1.jpg',NULL,71),(674,'imgupload/3fc50e27-142d-4af5-b4cb-47eb53a5c7b5.jpg',NULL,71),(675,'imgupload/a10890fa-08bd-449c-8e90-894c90c01342.jpg',NULL,71),(676,'imgupload/eba999b0-4dd2-4a1a-b8b6-32faa9cffb61.jpg',NULL,71),(677,'imgupload/7a17e4fb-6de3-404f-a2c8-0d564f947669.jpg',NULL,71),(678,'imgupload/062d8838-908c-4bbc-956d-4509655f9c63.jpg',NULL,72),(679,'imgupload/c9c1e671-5956-42b2-b534-590b90d5365d.jpg',NULL,72),(680,'imgupload/5d1abf58-2b75-4c1b-badf-02f6d9b5ab0a.jpg',NULL,72),(681,'imgupload/b61f0017-a742-4d9b-a608-f94dffdbbb6c.jpg',NULL,72),(682,'imgupload/a146ad62-6f10-465e-83ef-a037a82fc401.jpg',NULL,72),(683,'imgupload/b8eb3e43-9331-42db-88aa-3bd81bd64927.jpg',NULL,72),(684,'imgupload/fca0723b-aafc-44c9-8e76-6160170c2a2d.jpg',NULL,72),(685,'imgupload/306dc4ef-9ca7-425c-8a01-cf5980bbbe69.jpg',NULL,72),(686,'imgupload/b088339b-1623-4740-b52b-737616d008ed.jpg',NULL,74),(687,'imgupload/c315848c-4aad-4b32-b6b0-649d8165a806.jpg',NULL,74),(688,'imgupload/e81f18dc-a976-4297-8836-c0ff4fa0df0d.jpg',NULL,74),(689,'imgupload/5ea1880d-4b8e-4161-bb15-f0188551d458.jpg',NULL,74),(690,'imgupload/c70e0cf6-94d9-4e6a-8860-ee48f2f995af.jpg',NULL,76),(691,'imgupload/0da229c8-b15c-402e-afac-dd356508445b.jpg',NULL,76),(692,'imgupload/eb2cbeb0-7bdd-43a2-8fee-0e00dffb1ff0.jpg',NULL,76),(693,'imgupload/4d4ab7e5-076a-4c6c-b81c-8f16d0f2d801.jpg',NULL,76),(694,'imgupload/b940e627-9ef6-427f-b6f3-307dacc09c44.jpg',NULL,73),(695,'imgupload/1df23bdc-f178-4f4c-8544-34290439a434.jpg',NULL,73),(696,'imgupload/25374ed5-43a8-48b9-82a5-74ea8457bb8d.jpg',NULL,73),(697,'imgupload/16494db8-821e-4510-afb5-046d30422351.jpg',NULL,73),(698,'imgupload/c2354d45-a14a-4052-8f48-b56f2f9258ad.jpg',NULL,73),(699,'imgupload/f72f886c-23f7-4589-bb56-13a2ef95640f.jpg',NULL,73),(700,'imgupload/21cd20aa-7978-4193-9162-6908a6cb4c1e.jpg',NULL,73),(701,'imgupload/e809c39c-5b02-4cf9-ba66-9b176fbb18e6.jpg',NULL,77),(702,'imgupload/4c7f8a9a-9e48-42dd-b937-a614c4e7150d.jpg',NULL,77),(703,'imgupload/301b4706-97e2-43ad-ac1d-f9b351f62865.jpg',NULL,77),(704,'imgupload/597cfb20-b004-499d-9b64-805089508060.jpg',NULL,77),(705,'imgupload/a6cd44a0-3b79-455d-954c-5aaec0e5ae0e.jpg',NULL,77),(706,'imgupload/585a9f07-04b3-4dff-91d7-0c57f94c1401.jpg',NULL,77),(707,'imgupload/b6cf8191-9d53-4248-a131-994117536410.jpg',NULL,77),(708,'imgupload/f2793e1f-0da7-4be6-817c-852f00886601.jpg',NULL,78),(709,'imgupload/2a88a595-6745-47b5-b71f-045a375c3154.jpg',NULL,78),(710,'imgupload/6942f64c-8683-4cc1-9670-506138ea093a.jpg',NULL,78),(728,'imgupload/302d5ee4-8033-4343-b3fb-bf7ecc2f9ff4.jpg',NULL,81),(729,'imgupload/ac10aa45-9816-45b2-9096-204377bc86f5.jpg',NULL,81),(730,'imgupload/abd7aba1-e9bf-4631-b7af-94005ce141d8.jpg',NULL,81),(731,'imgupload/a869249b-2dc4-454e-a21c-ae5e0e777801.jpg',NULL,81),(732,'imgupload/04758cac-9bd1-49f6-ab80-ce838e321015.jpg',NULL,81),(733,'imgupload/065d4064-043f-4885-82e6-ad5198f63d5b.jpg',NULL,81),(734,'imgupload/2190b16c-a623-41d5-a695-b278fb68ab61.jpg',NULL,81),(735,'imgupload/f9a940f0-53c7-4ed0-ad06-1d1fa202070e.jpg',NULL,80),(736,'imgupload/b617d005-93bb-4bc0-99e4-b2e42a46bed2.jpg',NULL,80),(737,'imgupload/97292411-8b0f-4073-8240-70003aa9af55.jpg',NULL,80),(740,'imgupload/611a878d-b89f-4cdf-a5d8-a356c30ff2e6.jpg',NULL,79),(741,'imgupload/7bda5897-b0e2-4200-9e8d-a34d01294366.jpg',NULL,79),(742,'imgupload/dfc2d0a4-71ac-405e-8858-63b689647c1c.jpg',NULL,79),(743,'imgupload/e7cae278-10e8-451e-8191-e446bca0fc50.jpg',NULL,79),(776,'',26,NULL),(777,'imgupload/f8a786cf-a0fa-4f50-adad-52afdec58434.jpg',26,NULL),(778,'imgupload/0fd8a9ac-10e7-460c-86f5-7ff73c8d7d72.jpg',26,NULL),(779,'imgupload/b167a767-aaed-4921-aacc-414564cb389c.jpg',26,NULL),(780,'imgupload/6d1dbb15-2d2e-4199-ad76-842ced3cfa9e.jpg',26,NULL),(781,'imgupload/7797d381-eff9-4091-9bc7-5c40a89d4d8f.jpg',26,NULL),(782,'imgupload/d496b963-5d1e-4632-b027-ccc4f3e80d0c.jpg',26,NULL),(783,'imgupload/47ce63c5-bbb3-4de1-86ba-bd497dfa1b24.jpg',26,NULL),(784,'imgupload/460322f9-ca03-48c4-b071-84953fd82d0a.jpg',26,NULL),(785,'imgupload/3c7d8f82-f39a-45a0-a1b2-54950eee2425.jpg',26,NULL),(854,'',34,NULL),(855,'imgupload/c147fe49-b12c-4cbe-a923-6202ddf66951.jpg',34,NULL),(856,'imgupload/071e1c4c-ef71-401b-911a-29a53b08534a.jpg',34,NULL),(857,'imgupload/2f928c61-5079-4b88-a25c-70f1638b041f.jpg',34,NULL),(858,'imgupload/57c65967-6c8e-45d7-a90f-c541b0b8cb16.jpg',34,NULL),(859,'',35,NULL),(860,'imgupload/d4a6590b-e542-4235-9ef1-ea4a554badac.jpg',35,NULL),(861,'imgupload/5abf2eb7-e3c4-4042-abee-7696ec4d7794.jpg',35,NULL),(862,'imgupload/2e7c6790-39e3-40d2-bbb8-727e2eaf35b1.jpg',35,NULL),(863,'imgupload/db7fd784-d68c-4061-aa26-17081111cbf9.jpg',35,NULL),(864,'imgupload/225dbf43-dafe-42f7-b794-cdb079e79ba4.jpg',35,NULL),(865,'imgupload/3c5f7b92-6f14-4ad5-b79f-d6f8d8f70fc3.jpg',35,NULL),(866,'imgupload/2f211a27-e455-43ba-a82d-221c82ce8ded.jpg',35,NULL),(867,'imgupload/90826c5d-62e2-4ec1-ad0c-110f61cdb165.jpg',35,NULL),(868,'',36,NULL),(869,'imgupload/1724af40-8850-4c04-b035-13c245628a65.jpg',36,NULL),(870,'imgupload/36bbd02d-27d8-4de3-bcc0-b9ee960eb91c.jpg',36,NULL),(871,'imgupload/fd942b8e-7279-46de-8f29-69b246a38ac3.jpg',36,NULL),(872,'imgupload/0d40e8a2-b5ee-4109-9696-1570232c4735.jpg',36,NULL),(873,'imgupload/82b5911b-3e0b-4d49-b342-40f1f5b83b73.jpg',36,NULL),(874,'',37,NULL),(875,'imgupload/59e3287e-055c-4334-8ae8-93beb05576b6.jpg',37,NULL),(876,'imgupload/e9e784c9-2e87-4202-bfde-7525e88bfd27.jpg',37,NULL),(877,'imgupload/3696ed99-caef-40fb-89ff-13a5ab3d8057.jpg',37,NULL),(878,'imgupload/36fc7394-eb18-4420-9977-b7f98d35d447.jpg',37,NULL),(879,'imgupload/f24ef722-7f2e-4dcc-a0cd-1ca08ad871a4.jpg',37,NULL),(880,'imgupload/92022de6-169e-475e-b086-7550118076e6.jpg',37,NULL),(881,'imgupload/f068b261-aa41-4d22-9880-160c2c021305.jpg',37,NULL),(882,'imgupload/6f741467-aebd-495c-ae5b-add14ed9ad61.jpg',37,NULL),(883,'imgupload/670e00f8-cbb0-4a8b-958a-9211cd24a785.jpg',37,NULL),(884,'',38,NULL),(885,'imgupload/909a3e39-d5c1-427d-a0ce-2c95ca4bcc7d.jpg',38,NULL),(886,'imgupload/416a5473-a03c-4556-b952-9ef3070392a4.jpg',38,NULL),(887,'imgupload/a98eb0f7-94db-414c-9094-e52e53a3f7bf.jpg',38,NULL),(888,'imgupload/4bc37242-8d8b-43e2-846e-a47576ad026e.jpg',38,NULL),(889,'imgupload/51a32ee2-c491-4d4e-b172-c59617b429d0.jpg',38,NULL),(890,'imgupload/7378e731-a208-41c1-94d9-f1a5df5420b4.jpg',38,NULL),(891,'imgupload/84545dca-d57b-4b95-9790-e8324d5d52a8.jpg',38,NULL),(892,'imgupload/099c3702-2534-48b3-bb47-6e1d790390da.jpg',38,NULL),(893,'imgupload/eacf8715-7dc4-4aab-b748-51bb1e52e741.jpg',38,NULL),(894,'',39,NULL),(895,'imgupload/6d8ac9ea-9696-4c11-ab6f-0f26c7afaeb3.jpg',39,NULL),(896,'imgupload/2d0303f2-d2d9-4497-88e0-43bba4cbd0c8.jpg',39,NULL),(897,'imgupload/c64ff134-1f5b-4e6c-b55c-6d95ef652805.jpg',39,NULL),(899,'imgupload/0ac67a54-e2ee-416e-85f0-76fa94f4ce11.jpg',40,NULL),(900,'imgupload/d0e73c4a-1eb7-4e4f-a058-4fca7cfa97e6.jpg',40,NULL),(901,'imgupload/2fee54ad-0401-4a98-8bb7-14075c85017d.jpg',40,NULL),(902,'imgupload/0cd1ecba-1f46-436f-ab2d-4b2e1d50d779.jpg',40,NULL),(903,'imgupload/fc6704d9-613f-49fc-ae0c-b4aae98ae254.jpg',40,NULL),(904,'imgupload/390c23bc-995a-47d8-8c79-7f7c1c029cd4.jpg',40,NULL),(905,'',41,NULL),(906,'imgupload/c541ddbd-2ceb-4035-970e-b95efe36a9eb.jpg',41,NULL),(907,'imgupload/f375360c-47eb-418f-84fe-7da9397ada96.jpg',41,NULL),(908,'imgupload/1765a4fe-2b78-4666-8d31-9e1c163182dc.jpg',41,NULL),(909,'imgupload/33af51c6-1c76-4d66-a451-283594cca3a5.jpg',41,NULL),(910,'imgupload/b3545e37-88e6-4910-ba9b-4cac94f58b71.jpg',41,NULL),(911,'imgupload/65d66f47-f205-48fb-b13f-c99ca571d3c2.jpg',41,NULL),(912,'imgupload/5099b4e8-58bc-4ede-a63c-6579734fe7c6.jpg',41,NULL),(913,'',42,NULL),(914,'imgupload/57d4fb1a-9769-4470-b332-c415933f26b2.jpg',42,NULL),(915,'imgupload/78b1b99e-496f-46f3-8f26-7276a884770a.jpg',42,NULL),(916,'imgupload/5916a1b9-16d9-4e25-99e3-1ee3a0148c2e.jpg',42,NULL),(917,'imgupload/12989866-b948-4c83-a08f-60a6fc9f1fe0.jpg',42,NULL),(918,'imgupload/13ec23a4-60c7-44ac-8468-947213b996da.jpg',42,NULL),(919,'imgupload/bcb0651e-6121-48ac-89bd-89ba9c481985.jpg',42,NULL),(920,'imgupload/aafb8f0b-5090-4f4d-b0ff-4598f46e6574.jpg',42,NULL),(921,'imgupload/9e6d0870-526d-4a2b-a4de-60032e412aad.jpg',42,NULL),(922,'imgupload/0a58d209-7769-403c-814f-220fe03303ba.jpg',42,NULL),(923,'imgupload/8b34c093-c0dc-4554-84b4-d4ab3ca3d399.jpg',42,NULL),(924,'',43,NULL),(925,'imgupload/14f4c3fb-6d08-4340-ab38-815a440bb7fd.jpg',43,NULL),(926,'imgupload/d8281da6-0877-42f5-b9dd-b92947044db9.jpg',43,NULL),(927,'imgupload/d89b8f2c-44cc-4834-a828-1b31e25e2b99.jpg',43,NULL),(928,'imgupload/a896e589-ae76-4e15-8c10-339484ce85d7.jpg',43,NULL),(929,'imgupload/53b7b59d-54d2-4cdf-afff-a1dc4204984d.jpg',43,NULL),(930,'imgupload/bb3db217-379e-4a5f-8400-6a3cfb0ad6c6.jpg',43,NULL),(931,'imgupload/31f49fd0-573a-4c2a-ba5a-2fce0b5f5bc6.jpg',43,NULL),(934,'imgupload/e1fbcece-5dbe-44b4-9605-911430ffeb99.jpg',44,NULL),(935,'imgupload/16f3dc40-1437-4455-a500-6f9b670695bb.jpg',44,NULL),(936,'imgupload/3f474814-9f41-457a-af81-edac6624767c.jpg',44,NULL),(937,'imgupload/732769b5-8f5d-4562-8ff4-643bd9d2dcd7.jpg',44,NULL),(955,'imgupload/055bc7fd-6b7f-4fc6-8483-9a014345b4f3.jpg',NULL,83),(1034,'imgupload/c7e6be95-1a54-4a79-9504-7c521ffd0257.jpg',24,NULL),(1035,'imgupload/b1fe80b7-723a-4e54-a5d7-19e1fbf5c323.jpg',24,NULL),(1036,'imgupload/4b4ee886-37d5-4d04-b461-68845d1f9cc6.jpg',24,NULL),(1037,'imgupload/b09c8451-5f92-41ac-a9b6-4d98f0eaef7f.jpg',24,NULL),(1038,'imgupload/2e5c0069-7623-4ace-95f1-4089b5c6ea8f.jpg',24,NULL),(1039,'imgupload/50388457-2752-4a8e-94bb-7d2f51a0a4e6.jpg',24,NULL),(1054,'imgupload/2098bd24-9cb7-4b1c-b0a3-dca303bd686e.jpg',27,NULL),(1055,'imgupload/2849f4ee-f273-4a26-8376-5c34e5db142d.jpg',27,NULL),(1056,'imgupload/4a93e043-d286-4068-8add-3c5ba9d93ec7.jpg',27,NULL),(1057,'imgupload/7f90d811-30fa-4712-8726-15b6c11acf55.jpg',27,NULL),(1058,'imgupload/859ba03c-98d7-4d6b-820c-a8d9db31f385.jpg',27,NULL),(1059,'imgupload/fbf16f85-96c2-44dd-aadf-e90157fcba11.jpg',27,NULL),(1060,'imgupload/755df77b-9379-4849-82fc-16b520ece347.jpg',27,NULL),(1061,'imgupload/cb9e99d5-9792-475e-a653-3328c0bce048.jpg',27,NULL),(1062,'imgupload/4b0b1f2e-f57b-446d-8970-84cec27d89a9.jpg',27,NULL),(1063,'imgupload/915aaec2-7e47-4638-9f44-2717dc7e7434.jpg',27,NULL),(1064,'imgupload/7b25b651-4b91-4f6f-afd7-da9bb94aca42.jpg',30,NULL),(1065,'imgupload/af002a91-9017-4b8e-ba81-83bff2f38a6c.jpg',30,NULL),(1066,'imgupload/a04e99e3-94cb-43e6-a3f1-8c9a5098f07f.jpg',30,NULL),(1067,'imgupload/afbfc112-34c3-40d0-b09a-5590da95a144.jpg',30,NULL),(1068,'imgupload/c7c50c36-e3dc-4efc-9653-8397909ac2ef.jpg',30,NULL),(1069,'imgupload/290d7edc-7222-4a24-8a9d-dafd644e71b9.jpg',30,NULL),(1070,'imgupload/a4010847-9b00-45a5-8c8c-fcb0632533c9.jpg',30,NULL),(1071,'imgupload/fb6ac5d1-8d91-4da1-afdd-b232c9d6686e.jpg',30,NULL),(1072,'imgupload/1b59a5d8-57f5-43e0-825b-7566989f3c45.jpg',30,NULL),(1073,'imgupload/91b4238f-25a3-46b6-8a3a-3f81e6bd395d.jpg',30,NULL),(1074,'imgupload/b9cb801e-674c-4664-90af-67a7e4cf7578.jpg',30,NULL),(1075,'imgupload/8ae0a4f2-9749-46e9-9b9c-e55e19b847ee.jpg',30,NULL),(1076,'imgupload/8e16579c-62ef-4c65-b3e6-501a371ddd2c.jpg',28,NULL),(1077,'imgupload/cc6d4747-befc-42e1-bf87-068421c36b8a.jpg',28,NULL),(1078,'imgupload/a8114fce-4267-4fd4-a9b6-560e85c3d190.jpg',28,NULL),(1079,'imgupload/0a56f21a-4fca-45b2-8f5a-bb51e617219a.jpg',28,NULL),(1080,'imgupload/95db8390-064b-4bc0-af01-bfd3b5116d27.jpg',28,NULL),(1081,'imgupload/7fe14040-2070-40a3-b650-0d3c1eb2c076.jpg',28,NULL),(1082,'imgupload/bd77dd3a-4a35-40d5-bd50-31a5308fb023.jpg',28,NULL),(1083,'imgupload/67132cb7-3a1f-4550-b5ec-016bfdeab65e.jpg',28,NULL),(1084,'imgupload/e0d6de15-cf4e-4033-9a3f-f75a132b7b1a.jpg',28,NULL),(1085,'imgupload/bbe671c3-3002-4ca7-8a3a-906977a62f1e.jpg',28,NULL),(1086,'imgupload/7e105315-d5b6-45ad-aed8-21badf1549fc.jpg',29,NULL),(1087,'imgupload/d405837c-87a5-449a-9ee8-24e52f276bfb.jpg',29,NULL),(1088,'imgupload/1c8cb90f-e6e4-488e-8710-ebac036caab0.jpg',29,NULL),(1089,'imgupload/2b1c3063-403b-493c-b7ba-a5eca50ef39d.jpg',29,NULL),(1090,'imgupload/b387db45-4f8e-4685-9607-79844ad1f45e.jpg',29,NULL),(1091,'imgupload/90f904d9-fc36-48ac-87b9-97b7a8883e9c.jpg',29,NULL),(1092,'imgupload/54de5ed7-af16-403d-87ed-cd350563463a.jpg',29,NULL),(1093,'imgupload/e71eb47a-b649-4aad-bf92-088caee62196.jpg',31,NULL),(1094,'imgupload/1d35e556-ba18-4550-8440-679d02d5af2b.jpg',31,NULL),(1095,'imgupload/3089a1dc-2be0-4560-841f-6493b004a49f.jpg',31,NULL),(1096,'imgupload/0c22586f-a8f5-4bf7-98be-af072b427fe5.jpg',31,NULL),(1097,'imgupload/9ad2a196-cd31-4711-86e2-6484dd36bd0e.jpg',31,NULL),(1098,'imgupload/b02ca0a7-8098-40fb-9f7d-21d4e54ea27f.jpg',31,NULL),(1099,'imgupload/1ad20bfc-323d-40c4-aed8-38806c369b92.jpg',31,NULL),(1100,'imgupload/b0179e62-7bcc-4ccf-901f-93f7af6ef82a.jpg',31,NULL),(1101,'imgupload/3a30c1c8-ae9c-4be5-9353-53a009b55284.jpg',31,NULL),(1102,'imgupload/97d4c04c-5aa0-45a0-8de9-24f40f57a77f.jpg',31,NULL),(1103,'imgupload/26fae1b7-98d4-47e8-9eb5-a9e5afd0341b.jpg',31,NULL),(1104,'imgupload/7442ba5d-b04e-4dc5-b8b2-14798bfa272a.jpg',31,NULL),(1105,'imgupload/e73bdd0a-c848-45d1-bec9-571461e67213.jpg',31,NULL),(1106,'imgupload/b98fc2c5-1841-4e92-8ef7-97a764c690fb.jpg',32,NULL),(1107,'imgupload/7e414964-d86e-4404-9cf9-103130b0089e.jpg',32,NULL),(1108,'imgupload/99144854-f294-4981-98a1-2a5592ea473d.jpg',32,NULL),(1109,'imgupload/b1382cc4-b62e-4daf-bd1a-d49a59cb0d6f.jpg',32,NULL),(1110,'imgupload/f78859d8-51d3-4f3c-bda8-10f1be1677e0.jpg',32,NULL),(1111,'imgupload/c313ceae-b91f-41b6-88c9-42527792ba57.jpg',32,NULL),(1112,'imgupload/e7fcf654-eae0-4af3-970c-0507e20a6548.jpg',32,NULL),(1113,'imgupload/681a516e-d5f3-4bc6-8b78-a1d3e25aac4f.jpg',25,NULL),(1114,'imgupload/a0e149a7-b478-4175-b887-d20bdf47c963.jpg',25,NULL),(1115,'imgupload/ef8fe7d1-5c95-4494-b5be-9345da66012e.jpg',25,NULL),(1116,'imgupload/d035a8e6-92eb-4ba5-944f-793ca60c1053.jpg',25,NULL),(1117,'imgupload/4d0622fc-097c-490b-9bd7-2ce5d4ac629a.jpg',25,NULL),(1118,'imgupload/679beecb-c538-438e-ad27-02772a9db2b7.jpg',25,NULL),(1119,'imgupload/98dad34e-1840-4cfb-85d7-242fc22f7a4b.jpg',25,NULL),(1120,'imgupload/9282bf7f-49de-415f-b7bf-6dd85eeb2d8d.jpg',25,NULL),(1121,'imgupload/e8267191-f602-436a-879f-11be8591b2d4.jpg',25,NULL),(1122,'imgupload/79a007b4-4e4c-4b70-b5a2-18ed0d8295bb.jpg',25,NULL),(1123,'imgupload/f4081f49-5993-4d31-aad1-dc30a015e88b.jpg',25,NULL),(1146,'imgupload/073b66d1-7cad-4193-8348-99c3ff1ae222.jpg',33,NULL),(1147,'imgupload/43056f6f-10be-4e52-b282-3a1fd2fa7304.jpg',33,NULL),(1148,'imgupload/a03962e9-e7ea-4a4c-8ad4-95d84841cbce.jpg',33,NULL),(1149,'imgupload/d9b49716-e767-43d9-a3dc-8ac82e22081a.jpg',33,NULL),(1150,'imgupload/15b6e389-0b4a-42ac-a6df-20c0926647d0.jpg',33,NULL),(1151,'imgupload/b70cc190-52a4-4018-bb4d-9ae99be5ac09.jpg',33,NULL),(1152,'imgupload/9e23ca98-2e94-462c-8066-fb01cd5a6f83.jpg',33,NULL),(1153,'imgupload/491d8ecd-1f82-408c-ae40-fcd73d130a69.jpg',33,NULL),(1166,'imgupload/64cc97c4-574d-4046-abbb-41a7eb8087ce.jpg',23,NULL),(1167,'imgupload/bb109be4-3f45-4e72-a76a-0ba43ad8cb54.jpg',23,NULL),(1168,'imgupload/c329be78-5bc8-4d1e-a6c4-20651e7d2180.jpg',23,NULL),(1169,'imgupload/f6268e6d-d982-4895-8436-6197e9a79025.jpg',23,NULL),(1170,'imgupload/1dd40706-8cec-4c55-a521-32e2be46aed7.jpg',23,NULL),(1171,'imgupload/fb5da18e-ee09-4076-8336-b28ddbb984bf.jpg',23,NULL),(1172,'imgupload/ae7ef8fa-0daf-4797-bb28-0b0d1c5a6ddd.jpg',23,NULL),(1181,'imgupload/52dbda75-6e22-4644-b154-65352e948b16.jpg',NULL,83),(1182,'imgupload/f632d8fc-0f9e-4a1a-a022-e42bc86db51b.jpg',NULL,75),(1183,'imgupload/955af430-a317-4d01-b708-7ee97c6e1a06.jpg',NULL,83),(1184,'imgupload/98e06d18-f390-4b1d-93b6-b06e021b1325.jpg',NULL,83),(1185,'imgupload/6403b826-f5a9-4d30-944d-743b58fcbda6.jpg',NULL,83),(1186,'imgupload/c6cca377-53be-4ada-937b-3d607b252148.jpg',NULL,83),(1187,'imgupload/eee1b80f-4c7d-42df-b5e6-653570fd9da2.jpg',33,NULL),(1188,'imgupload/8d9697cd-52e1-4715-9018-b074dbe95ae4.jpg',33,NULL),(1189,'imgupload/174e18f5-931f-4e16-aea2-b26127098d4b.png',33,NULL),(1190,'imgupload/6ac5ea31-c893-440a-87f3-3d242766ef7f.jpg',33,NULL),(1191,'imgupload/b192b441-2093-4b08-907f-b1a1f0df670c.jpg',33,NULL),(1192,'imgupload/39179c65-86fa-423e-ab3b-07e048f86fed.jpg',33,NULL),(1211,'imgupload/44b59feb-49a3-4f93-bcf8-46a88408161e.jpg',NULL,80),(1212,'imgupload/63876791-3b42-43a8-aa3a-2f3ae3c3597c.jpg',NULL,80),(1213,'imgupload/752d8653-6836-486f-b55f-cab32df6790c.jpg',NULL,80),(1218,'imgupload/84edc934-76c7-4c2e-93ef-7d582d77b698.jpg',NULL,48),(1219,'imgupload/6dad7b33-88a9-4358-9922-00d89e06cc4f.jpg',NULL,48),(1220,'imgupload/7ae40eb6-6d8d-4f4f-9fa8-7e76c8357204.jpg',NULL,48),(1221,'imgupload/a26f4ff0-bf2d-4824-b7ff-7bd1771692fd.jpg',NULL,48),(1222,'imgupload/dec807fa-fa79-48f7-9cf7-d92e478565ec.jpg',NULL,48),(1223,'imgupload/b998fceb-dd71-49e3-9071-6814d9f377c6.jpg',NULL,48),(1224,'imgupload/4d73e622-663b-486a-8e3a-b2f42c765c66.jpg',NULL,48),(1225,'imgupload/04c16b95-3aaa-44c0-8103-8894b5f2a37c.jpg',NULL,48),(1226,'imgupload/96c15f57-9a53-40c2-975a-fd0537f08b77.jpg',NULL,48),(1227,'imgupload/8d9e865f-3b4f-4d92-9fcd-48f2335b37e4.jpg',NULL,48),(1228,'imgupload/450a42f8-9079-4b9e-b4b1-c73e3f75a0aa.jpg',NULL,48),(1237,'imgupload/17fb4575-7125-49d4-8655-309bb8f2c778.jpg',NULL,49),(1238,'imgupload/9cd109bd-eb31-473e-9f14-26dbb730b9d4.jpg',NULL,49),(1239,'imgupload/5d4bf312-755b-4abd-8cbb-21bf77e4f276.jpg',NULL,49),(1240,'imgupload/55f3b3e6-e9aa-4640-85b9-98375401c8b8.jpg',NULL,49),(1241,'imgupload/d4b84771-ffd4-4c74-bd41-0cb3a6dfb634.jpg',NULL,49),(1242,'imgupload/66bbeff4-2d17-46be-bb76-b3d5f0eb301e.jpg',NULL,49),(1243,'imgupload/051b7243-027b-4646-9e23-553b28dd0d1b.jpg',NULL,49),(1244,'imgupload/365fe743-f6c9-4901-947f-bfcbc00c198f.jpg',NULL,49),(1245,'imgupload/6a1ecb6b-de4f-466b-a493-e46bef71a53b.jpg',28,NULL),(1246,'imgupload/09488f1f-6c02-43e1-a133-9d0f1688a923.jpg',28,NULL),(1247,'imgupload/747e2103-2bd2-4c4e-8713-6fd721439bb0.png',28,NULL),(1248,'imgupload/19389e35-b424-4dab-b704-4a991da8c7e2.jpg',28,NULL),(1249,'imgupload/9c64d4d7-abc6-497c-b503-52ae3d524197.jpg',28,NULL),(1274,'imgupload/49de34a5-9ce9-4b1f-9164-71db240e497a.jpg',NULL,84),(1275,'imgupload/15f5b7b0-1026-495e-b76d-1fcd78d08dac.jpg',NULL,84),(1276,'imgupload/81cef862-8c08-4fea-8bdd-c87bcb60441a.jpg',NULL,84),(1277,'imgupload/19cca8ea-fa64-4a9a-ad2b-4f1d2e88c226.jpg',NULL,84),(1278,'imgupload/254db6af-db1a-479f-bc4a-4fa0dd068d0b.jpg',NULL,84),(1279,'imgupload/d6ac250a-219f-44c3-ac3b-55ff5cd43ce1.jpg',NULL,84),(1280,'imgupload/21cb42e6-876e-4b11-b10c-fb0cf336d127.jpg',NULL,84),(1281,'imgupload/4ab96e92-61d6-4f95-9db1-577e55fa2bbf.jpg',NULL,84),(1282,'imgupload/ca9c7767-e0fa-4408-b1ad-ae08abfd518c.jpg',NULL,50),(1283,'imgupload/ab3a3fe7-4de2-460d-bc3c-e810c02ada93.jpg',NULL,50),(1284,'imgupload/b470d5a0-9afd-4d6f-b577-f3a23b6e20b0.jpg',NULL,50),(1285,'imgupload/7b0c99f6-0cad-4d8f-b5cd-25f40b84b260.jpg',NULL,50),(1286,'imgupload/b54298b9-9bb6-40ff-87b9-5da579708e71.jpg',NULL,50),(1287,'imgupload/4659a707-eb5a-4481-8a2e-22230bae725a.jpg',NULL,50),(1288,'imgupload/3d5a0371-b92f-4762-a962-55d3f22b31f0.jpg',NULL,50),(1289,'imgupload/602647b5-56cb-44c5-be50-44e078115427.jpg',NULL,50);

/*Table structure for table `scenicstatus` */

DROP TABLE IF EXISTS `scenicstatus`;

CREATE TABLE `scenicstatus` (
  `id` int(11) NOT NULL AUTO_INCREMENT COMMENT '主键',
  `puttime` date DEFAULT NULL COMMENT '上架时间',
  `browseCount` int(11) DEFAULT '0' COMMENT '浏览次数',
  `status` int(11) DEFAULT '0' COMMENT '景点状态（0正常，1删除）',
  `servicingtime` date DEFAULT NULL COMMENT '维护时间',
  `scenicId` int(11) DEFAULT NULL COMMENT '景点表id',
  PRIMARY KEY (`id`)
) ENGINE=InnoDB AUTO_INCREMENT=71 DEFAULT CHARSET=utf8;

/*Data for the table `scenicstatus` */

insert  into `scenicstatus`(`id`,`puttime`,`browseCount`,`status`,`servicingtime`,`scenicId`) values (1,'2018-12-01',100,1,'2018-11-13',1),(2,'2018-11-01',1000,1,'2018-11-08',2),(3,'2018-11-02',50,1,'2018-11-08',3),(4,'2018-11-06',50,1,'2018-11-08',4),(5,'2018-12-07',30,1,'2018-11-08',5),(6,NULL,NULL,1,'2018-11-08',6),(7,NULL,NULL,1,'2018-11-08',7),(8,NULL,NULL,1,'2018-11-08',8),(9,NULL,NULL,1,'2018-11-08',9),(13,'2018-11-07',0,1,'2018-11-07',26),(14,'2018-11-07',0,1,'2018-11-11',27),(15,'2018-11-07',0,1,'2018-11-11',28),(16,'2018-11-07',0,1,'2018-11-09',29),(17,'2018-11-07',0,1,'2018-11-07',30),(18,'2018-11-05',0,1,'2018-11-07',31),(19,'2018-11-05',0,1,'2018-11-07',32),(20,'2018-11-07',0,1,'2018-11-07',33),(21,'2018-11-07',0,1,'2018-11-07',34),(22,'2018-11-05',0,1,'2018-11-07',35),(23,'2018-11-05',0,1,'2018-11-07',36),(24,'2018-11-07',0,1,'2018-11-07',37),(25,'2018-11-07',0,1,'2018-11-07',38),(26,'2018-11-07',0,1,'2018-11-07',39),(27,'2018-11-07',0,1,'2018-11-07',40),(28,'2018-11-07',0,1,'2018-11-07',41),(29,'2018-11-05',0,1,'2018-11-07',43),(30,'2018-11-06',0,1,'2018-11-30',46),(32,'2018-11-07',0,1,'2018-11-15',44),(33,'2018-11-08',0,1,'2018-11-09',47),(34,'2018-11-12',0,0,'2018-11-15',48),(35,'2018-11-12',0,0,'2018-11-15',49),(36,'2018-11-12',0,0,'2018-11-16',50),(37,'2018-11-12',0,0,'2018-11-14',51),(38,'2018-11-13',0,0,'2018-11-14',52),(39,'2018-11-13',0,0,'2018-11-14',53),(40,'2018-11-13',0,0,'2018-11-14',54),(41,'2018-11-13',0,0,'2018-11-14',55),(42,'2018-11-13',0,0,'2018-11-14',56),(43,'2018-11-13',0,0,'2018-11-14',57),(44,'2018-11-13',0,0,'2018-11-14',58),(45,'2018-11-13',0,0,'2018-11-14',59),(46,'2018-11-13',0,0,'2018-11-14',60),(47,'2018-11-13',0,0,'2018-11-14',61),(48,'2018-11-13',0,0,'2018-11-14',62),(49,'2018-11-13',0,0,'2018-11-14',63),(50,'2018-11-13',0,0,'2018-11-14',64),(51,'2018-11-13',0,0,'2018-11-14',65),(52,'2018-11-13',0,0,'2018-11-14',66),(53,'2018-11-13',0,0,'2018-11-14',67),(54,'2018-11-02',0,0,'2018-11-14',68),(55,'2018-11-13',0,0,'2018-11-14',69),(56,'2018-11-13',0,0,'2018-11-14',70),(57,'2018-11-14',0,0,'2018-11-14',71),(58,'2018-11-14',0,0,'2018-11-14',72),(59,'2018-11-14',0,0,'2018-11-14',73),(60,'2018-11-14',0,0,'2018-11-14',74),(61,'2018-11-14',0,0,'2018-11-14',75),(62,'2018-11-14',0,0,'2018-11-14',76),(63,'2018-11-14',0,0,'2018-11-14',77),(64,'2018-11-14',0,0,'2018-11-14',78),(65,'2018-11-14',0,0,'2018-11-14',79),(66,'2018-11-14',0,0,'2018-11-14',80),(67,'2018-11-14',0,0,'2018-11-14',81),(68,'2018-11-15',0,0,'2018-11-15',82),(69,'2018-11-15',0,0,'2018-11-15',83),(70,'2018-11-16',0,0,'2018-11-29',84);

/*Table structure for table `scenicway` */

DROP TABLE IF EXISTS `scenicway`;

CREATE TABLE `scenicway` (
  `id` int(11) NOT NULL AUTO_INCREMENT COMMENT '主键',
  `way` varchar(100) DEFAULT NULL COMMENT '路线名称',
  `way_pinyin` varchar(100) DEFAULT NULL COMMENT '路线名称的拼音',
  `scenicday` int(11) DEFAULT NULL COMMENT '旅游天数',
  `description` varchar(200) DEFAULT NULL COMMENT '路线描述',
  `endpath` varchar(20) DEFAULT NULL COMMENT '终点',
  `startpath` varchar(20) DEFAULT NULL COMMENT '起点',
  `status` int(11) DEFAULT '0' COMMENT '线路状态',
  `floor_price` double DEFAULT NULL COMMENT '底价',
  `titleid` int(11) DEFAULT NULL COMMENT '主题表外键',
  `mealid` int(11) DEFAULT NULL COMMENT '套餐表外键',
  `attractionsId` int(11) DEFAULT NULL COMMENT '分类id',
  `scenicwayImage` varchar(100) DEFAULT NULL COMMENT '路线封面图片',
  `minimumGroupSize` int(4) DEFAULT NULL COMMENT '最少成团人数',
  `introduce` longtext COMMENT '路线介绍',
  PRIMARY KEY (`id`),
  KEY `mealid` (`mealid`),
  CONSTRAINT `scenicway_ibfk_1` FOREIGN KEY (`mealid`) REFERENCES `meal` (`id`)
) ENGINE=InnoDB AUTO_INCREMENT=45 DEFAULT CHARSET=utf8;

/*Data for the table `scenicway` */

insert  into `scenicway`(`id`,`way`,`way_pinyin`,`scenicday`,`description`,`endpath`,`startpath`,`status`,`floor_price`,`titleid`,`mealid`,`attractionsId`,`scenicwayImage`,`minimumGroupSize`,`introduce`) values (1,'上海长沙3日游','shanghaichangsha3riyou',3,'上海长沙3日游','长沙市','上海市',1,2222,1,NULL,101,'image/f79c5d15-eff6-4c56-a292-754710f949a1.jpg',10,NULL),(2,'上海2日游','shanghai2riyou',2,'上海2日游','上海市','上海市',1,2223,2,NULL,2,'image/f79c5d15-eff6-4c56-a292-754710f949a1.jpg',5,NULL),(3,'长沙3日游','changsha3riyou',3,'长沙3日游','长沙市','长沙市',1,2211,2,NULL,101,'image/f79c5d15-eff6-4c56-a292-754710f949a1.jpg',5,NULL),(4,'北京3日游','beijing3riyou',3,'北京3日游','北京市','北京市',1,2255,4,NULL,104,'image/f79c5d15-eff6-4c56-a292-754710f949a1.jpg',6,NULL),(5,'北京2日游','beijing2riyou',2,'北京2日游','北京市','北京市',1,3333,5,NULL,2,'image/f79c5d15-eff6-4c56-a292-754710f949a1.jpg',7,NULL),(6,'上海怀旧风情一日游','shanghaihuaijiufengqingyiriyou',2,'[寻找上海丢失的印象一日游纯玩影视乐园朱家角古镇]纯玩无购物','上海市','上海市',1,4444,17,NULL,2,'imgupload/d9c0b48e-eee7-4f0a-be48-517284720c32.jpg',5,NULL),(8,'天目湖山水园、南山竹海2日巴士跟团游','tianmuhushanshuiyuan,nanshanzhuhai2ribashigentuanyou',2,'是国家AAAAA级景区，作为天目湖的核心景区，山水园景区是天目湖诗意天成的所在，拥有慈孝文化园、状元文化区、奇石馆、精灵国、彩蝶谷、中国茶岛等景点。四面群山枕水、碧波荡漾，湖中岛屿散落、湖岸曲折通幽，以山绕水、水映山而取胜。泛舟湖上，山重水复，松涛竞逐，禽飞兽走，带你进入梦游仙境的奇妙之旅。游船是景区的经典项目，可以满足千余人同时畅游天目湖。 ','上海市','上海市',1,5555,NULL,NULL,101,'imgupload/9a49e240-4d74-4fbf-9d7a-aadaeb386f39.jpg',8,NULL),(11,'测试数据1',NULL,3,'测试数据1','衡水市','廊坊市',1,3333,16,NULL,101,'imgupload/5392eedd-8db5-403c-b92c-68bfdb5e0dc0.jpeg',3,'<p>atidatidatidatidatidatidatidatidatidatidatidatidatidatidatidatidatidatidatidatidatidatidatidatidatidatidatidatidatidatidatidatidatidatidatidatidatidatidatidatidatidatidatidatidatidatidatidatidatid</p>'),(12,'ceshishuju1','ceshishuju1',3,'测试数据1','北京市','北京市',1,2222,13,NULL,103,'imgupload/9e4da840-f909-4695-8171-9a90ce7c8cec.jpeg',10,'<p>waywaywaywaywaywaywaywaywaywaywaywaywaywaywaywaywaywaywaywaywaywaywaywaywaywaywaywaywaywaywayway</p>'),(13,'ceshishuju1','ceshishuju1',3,'测试数据1','上海市','上海市',1,3333,2,NULL,101,'imgupload/fd5c7aad-419a-4294-908b-e2a11edc85d1.jpeg',3,NULL),(22,'测试数据555','ceshishuju555',3,'测试数据555','石家庄市','石家庄市',1,1111,7,NULL,3,'imgupload/6fe65dea-7b64-4cf9-a6df-d3d602d2eff3.jpeg',10,'<p>测试数据555测试数据555测试数据555测试数据555测试数据555测试数据555测试数据555测试数据555测试数据555测试数据555测试数据555测试数据555测试数据555</p>'),(23,'北京双飞5日跟团游','beijingshuangfei5rigentuanyou',7,'北京双飞5日跟团游','北京市','长沙市',0,2490,16,NULL,101,'imgupload/64cc97c4-574d-4046-abbb-41a7eb8087ce.jpg',10,'<ul class=\" list-paddingleft-2\"><li style=\"\"><p>线路概况：</p></li><li style=\"\"><p style=\"margin-top: 0px; margin-bottom: 0px; padding: 0px;\">【第1天】 自由活动</p><p style=\"margin-top: 0px; margin-bottom: 0px; padding: 0px;\">【第2天】 毛主席纪念堂&gt; 天安门&gt; 人民大会堂&gt; 故宫&gt; 德云社(三里屯店)</p><p style=\"margin-top: 0px; margin-bottom: 0px; padding: 0px;\">【第3天】 八达岭长城&gt; 定陵&gt; 奥林匹克公园（或）鸟巢（或）水立方</p><p style=\"margin-top: 0px; margin-bottom: 0px; padding: 0px;\">【第4天】 中国古文化馆&gt; 颐和园&gt; 天坛公园&gt; 前门</p><p style=\"margin-top: 0px; margin-bottom: 0px; padding: 0px;\">【第5天】 自由活动</p></li></ul><p><br/></p>'),(24,'三亚蜈支洲、呀诺达、南山双飞5日跟团游','sanyawuzhizhou、yanuoda、nanshanshuangfei5rigentuanyou',5,'三亚蜈支洲、呀诺达、南山双飞5日跟团游','三亚市','广州市',0,2899,9,NULL,101,'imgupload/c7e6be95-1a54-4a79-9504-7c521ffd0257.jpg',10,'<ul class=\" list-paddingleft-2\"><li style=\"\"><p>线路概况：</p></li><li style=\"\"><p style=\"margin-top: 0px; margin-bottom: 0px; padding: 0px;\">【第1天】 出发地-三亚凤凰机场</p><p style=\"margin-top: 0px; margin-bottom: 0px; padding: 0px;\">【第2天】 呀诺达雨林文化旅游区&gt; 海南槟榔谷黎苗文化旅游区&gt; 亚龙湾国家旅游度假区</p><p style=\"margin-top: 0px; margin-bottom: 0px; padding: 0px;\">【第3天】 蜈支洲岛度假中心</p><p style=\"margin-top: 0px; margin-bottom: 0px; padding: 0px;\">【第4天】 天涯海角风景区&gt; 南山文化旅游区</p><p style=\"margin-top: 0px; margin-bottom: 0px; padding: 0px;\">【第5天】 三亚—三亚凤凰机场</p></li></ul><p><br/></p>'),(25,'广州上海3日游','guangzhoushanghai3riyou',3,'广州上海3日游','上海市','广州市',0,2589,6,NULL,1,'imgupload/4a361c4c-e631-4a85-9e28-1c9111a121fb.jpg',10,'<p>广州上海3日游</p>'),(26,'深圳2天1晚','shenzhen2tian1wan',2,'深圳2天1晚','深圳市','上海市',0,968,6,NULL,1,'imgupload/db1f740c-0a31-4a67-8c4f-04028aa3d198.jpg',10,'<h1 class=\"product_top_tit\" style=\"margin: 0px; padding: 0px; font-size: 20px; font-weight: normal; color: rgb(51, 51, 51); line-height: 28px; position: relative; z-index: 6; font-family: &quot;Helvetica Neue&quot;, Arial, &quot;PingFang SC&quot;, &quot;Microsoft Yahei&quot;, SimSun, sans-serif; white-space: normal; background-color: rgb(255, 255, 255);\">深圳2天1晚【梦幻咕咕钟主题】</h1><p><br/></p>'),(27,'北京上海2日游','beijingshanghai2riyou',2,'北京上海2日游','上海市','北京市',0,2228,16,NULL,101,'imgupload/2098bd24-9cb7-4b1c-b0a3-dca303bd686e.jpg',10,'<p>北京上海2日游</p>'),(28,'北京上海5日游','beijingshanghai5riyou',5,'北京上海5日游','上海市','北京市',0,5088,16,NULL,1,'imgupload/8e16579c-62ef-4c65-b3e6-501a371ddd2c.jpg',10,'<p>北京上海5日游</p>'),(29,'【京城伴侣】北京全景5日深度游','【jingchengbanlv】beijingquanjing5rishenduyou',5,'【京城伴侣】北京全景5日深度游','北京市','北京市',0,1399,28,NULL,2,'imgupload/7e105315-d5b6-45ad-aed8-21badf1549fc.jpg',10,'<ul class=\" list-paddingleft-2\"><li style=\"\"><p>线路概况：</p></li><li style=\"\"><p style=\"margin-top: 0px; margin-bottom: 0px; padding: 0px;\">【第1天】 自由活动</p><p style=\"margin-top: 0px; margin-bottom: 0px; padding: 0px;\">【第2天】 恭王府&gt; 什刹海&gt; 天安门&gt; 故宫&gt; 金面王朝表演</p><p style=\"margin-top: 0px; margin-bottom: 0px; padding: 0px;\">【第3天】 八达岭长城&gt; 水立方&gt; 鸟巢&gt; 北京奥林匹克公园&gt; 圆明园遗址公园</p><p style=\"margin-top: 0px; margin-bottom: 0px; padding: 0px;\">【第4天】 古文化馆&gt; 天坛公园（首道门票）&gt; 颐和园&gt; 清华大学（或）北京大学&gt; 北海公园</p><p style=\"margin-top: 0px; margin-bottom: 0px; padding: 0px;\">【第5天】 情深意切，汪伦送别——快乐返...</p></li></ul><p><br/></p>'),(30,'夜游上海东方明珠1日游','yeyoushanghaidongfangmingzhu1riyou',1,'[登263米透明观光廊，]驴妈妈专线，纯玩 无购物，下午13:30点出发，夜游魔都，感受夜上海的迷人魅力','上海市','上海市',0,156,6,NULL,2,'imgupload/7b25b651-4b91-4f6f-afd7-da9bb94aca42.jpg',10,'<p>[登263米透明观光廊，]驴妈妈专线，纯玩 无购物，下午13:30点出发，夜游魔都，感受夜上海的迷人魅力</p>'),(31,'上海迪士尼乐园3日巴士深度游','shanghaidishinileyuan3ribashishenduyou',3,'上海迪士尼乐园3日巴士深度游','上海市','上海市',0,999,16,NULL,103,'imgupload/e71eb47a-b649-4aad-bf92-088caee62196.jpg',10,'<p style=\"margin-top: 0px; margin-bottom: 0px; padding: 0px; color: rgb(102, 102, 102); font-family: &quot;Helvetica Neue&quot;, Arial, &quot;PingFang SC&quot;, &quot;Microsoft Yahei&quot;, SimSun, sans-serif; font-size: 14px; white-space: normal; background-color: rgb(249, 249, 249);\">【第1天】 自由活动</p><p style=\"margin-top: 0px; margin-bottom: 0px; padding: 0px; color: rgb(102, 102, 102); font-family: &quot;Helvetica Neue&quot;, Arial, &quot;PingFang SC&quot;, &quot;Microsoft Yahei&quot;, SimSun, sans-serif; font-size: 14px; white-space: normal; background-color: rgb(249, 249, 249);\">【第2天】 上海迪士尼乐园</p><p style=\"margin-top: 0px; margin-bottom: 0px; padding: 0px; color: rgb(102, 102, 102); font-family: &quot;Helvetica Neue&quot;, Arial, &quot;PingFang SC&quot;, &quot;Microsoft Yahei&quot;, SimSun, sans-serif; font-size: 14px; white-space: normal; background-color: rgb(249, 249, 249);\">【第3天】 上海杜莎夫人蜡像馆&gt; 南京路步行街</p><p><br/></p>'),(32,'上海广州7日度假游','shanghaiguangzhou7ridujiayou',7,'上海广州7日度假游','广州市','上海市',0,6288,14,NULL,1,'imgupload/b98fc2c5-1841-4e92-8ef7-97a764c690fb.jpg',10,'<p>上海广州7日度假游</p>'),(33,'凤凰古城3日游','fenghuanggucheng3riyou',3,'凤凰古城3日游','湘西土家族苗族自治州','中山市',0,2188,28,NULL,103,'imgupload/8875b9a4-c330-4900-bf09-0a22b11dc906.jpg',10,'<p>凤凰古城3日游</p>'),(34,'佛山＋广州 3天2晚 【驴妈妈专享】','foshan＋guangzhou 3tian2wan 【lvmamazhuanxiang】',3,'佛山＋广州 3天2晚 【驴妈妈专享】','佛山市','广州市',0,2200,4,NULL,101,'imgupload/4e640f79-3bb8-4eac-a884-34e15bb9dba6.jpg',10,'<p>佛山＋广州 3天2晚&nbsp;</p>'),(35,'香港观光、海洋公园经典1日游','xianggangguanguang、haiyanggongyuanjingdian1riyou',1,'香港观光、海洋公园经典1日游','香港特别行政区','深圳市',0,458,16,NULL,102,'imgupload/a941555c-38d5-4ef6-a1f1-1761ab794331.jpg',10,'<p><span style=\"color: rgb(51, 51, 51); font-family: Arial, &quot;PingFang SC&quot;, &quot;Microsoft Yahei&quot;, SimSun, sans-serif; font-size: 20px; background-color: rgb(255, 255, 255);\">含深圳皇岗口岸至香港往返巴士，市区观光，海洋公园一日游，一人成团，天天发团，赠送夜游维港</span></p>'),(36,'江门2天1晚【特色水禾田温泉】','jiangmen2tian1wan【teseshuihetianwenquan】',2,'江门2天1晚【特色水禾田温泉】','江门市','广州市',0,583,11,NULL,101,'imgupload/8c8d7f64-5d2e-4a90-b963-0a998c348cea.jpg',10,'<p><a class=\"\" title=\"江门2天1晚【特色水禾田温泉】江门恩平爱必侬泉林酒店·那金谷景区＋双人自助早餐＋双人那金谷景区门票＋含双人那金谷景区门票＋双人水禾田温泉＋特色淘金体验\" style=\"color: rgb(51, 51, 51); font-size: 20px; line-height: 24px; font-family: &quot;Helvetica Neue&quot;, Arial, &quot;PingFang SC&quot;, &quot;Microsoft Yahei&quot;, SimSun, sans-serif; white-space: normal; background-color: rgb(255, 255, 255);\">江门恩平爱必侬泉林酒店·那金谷景区＋双人自助早餐＋双人那金谷景区门票＋含双人那金谷景区门票＋双人水禾田温泉＋特色淘金体验</a></p>'),(37,'【机票可选】深圳双飞3晚4日自由行','【jipiaokexuan】shenzhenshuangfei3wan4riziyouxing',4,'【机票可选】深圳双飞3晚4日自由行','深圳市','上海市',0,2017,6,NULL,101,'imgupload/1d136e79-e568-4bf1-a24c-e33bd9df81b2.jpg',10,'<h1 class=\"detail_product_tit\" style=\"margin: 0px 70px 0px 0px; padding: 0px; font-size: 22px; font-weight: normal; color: rgb(51, 51, 51); line-height: 30px; font-family: &quot;Helvetica Neue&quot;, Arial, &quot;PingFang SC&quot;, &quot;Microsoft Yahei&quot;, SimSun, sans-serif; white-space: normal;\">晚深圳东部华侨城黑森林酒店，位于东部华侨城茶溪谷内，毗邻茶溪谷主题公园</h1><p><br/></p>'),(38,'九嶷山森林公园5日游','jiuyishansenlingongyuan5riyou',5,'九嶷山森林公园5日游','永州市','中山市',0,1888,28,NULL,103,'imgupload/dbb92fe3-179b-45e6-bad6-d7bfc4b86503.jpg',10,'<p>暂未介绍</p>'),(39,'芜湖3日游','wuhu3riyou',3,'芜湖3日游','芜湖市','吉林市',0,2288,16,NULL,103,'imgupload/ba3e8e78-4aa0-40bb-b774-1999c16ea752.jpg',10,'<p>芜湖3日游</p>'),(40,'故宫2日游','gugong2riyou',2,'故宫2日游','北京市','天津市',0,1288,28,NULL,102,'imgupload/361e01ca-adf3-40a4-8501-5740c8637248.jpg',10,'<p>感受故宫文化<br/></p>'),(41,'观澜山水田园旅游文化园1日游','guanlanshanshuitianyuanlvyouwenhuayuan1riyou',1,'观澜山水田园旅游文化园1日游','深圳市','永州市',0,258,15,NULL,103,'imgupload/932ef639-d7a1-47f5-ab02-1a4d82d81e5d.jpg',10,'<p>观澜山水田园旅游文化园1日游</p>'),(42,'深圳世界之窗7日至尊游','shenzhenshijiezhichuang7rizhizunyou',7,'深圳世界之窗7日至尊游','深圳市','永州市',0,8888,16,NULL,103,'imgupload/3c4bb723-fa5a-4ab5-b81b-75222860cdab.jpg',10,'<p>深圳世界之窗7日至尊游</p>'),(43,'观赏瀑布','guanshangpubu',1,'观赏瀑布','清远市','清远市',0,210,15,NULL,101,'imgupload/94a9b6b1-f467-44d7-9bba-0086df9a8f1c.jpg',10,NULL),(44,'北京7日旅游尊享','beijing7rilvyouzunxiang',7,'北京7日旅游尊享','北京市','上海市',0,5050,27,NULL,101,'imgupload/56157482-484d-4d80-ad0e-77f77521b9b3.jpg',10,'<p>北京7日旅游尊享</p>');

/*Table structure for table `scenicway_depart` */

DROP TABLE IF EXISTS `scenicway_depart`;

CREATE TABLE `scenicway_depart` (
  `id` int(11) NOT NULL AUTO_INCREMENT COMMENT '主键',
  `departtime` date DEFAULT NULL COMMENT '出发时间',
  `price` double DEFAULT NULL COMMENT '当天价格',
  `scenicwayId` int(11) DEFAULT NULL COMMENT '旅游路线外键',
  PRIMARY KEY (`id`),
  KEY `scenicwayId` (`scenicwayId`),
  CONSTRAINT `scenicway_depart_ibfk_1` FOREIGN KEY (`scenicwayId`) REFERENCES `scenicway` (`id`)
) ENGINE=InnoDB AUTO_INCREMENT=87 DEFAULT CHARSET=utf8 COMMENT='旅游路线出发时间表';

/*Data for the table `scenicway_depart` */

insert  into `scenicway_depart`(`id`,`departtime`,`price`,`scenicwayId`) values (2,'2018-11-17',4444,2),(3,'2018-11-19',2222,3),(4,'2018-11-19',3333,4),(5,'2018-11-23',4444,5),(6,'2018-11-24',5555,6),(7,'2018-11-16',2222,8),(8,'2018-11-25',1111,3),(25,'2018-11-16',3333,1),(26,'2018-11-17',5555,1),(27,'2018-11-18',2222,1),(35,'2018-11-16',1500,29),(36,'2018-11-15',3000,24),(37,'2018-11-15',2300,1),(80,'2018-11-22',2000,44),(81,'2018-11-23',2000,44),(82,'2018-11-17',2000,43),(83,'2018-11-24',20000,43),(84,'2018-11-15',2000,23),(85,'2018-11-22',200,23),(86,'2018-11-23',800,23);

/*Table structure for table `scenicway_orscenic` */

DROP TABLE IF EXISTS `scenicway_orscenic`;

CREATE TABLE `scenicway_orscenic` (
  `id` int(11) NOT NULL AUTO_INCREMENT COMMENT '主键',
  `wayId` int(11) DEFAULT NULL COMMENT '路线表的id',
  `scenId` int(11) DEFAULT NULL COMMENT '景点表的id',
  `index` int(11) DEFAULT NULL COMMENT '景点的顺序(从0开始)',
  PRIMARY KEY (`id`),
  KEY `scenway_key_wayId` (`wayId`),
  KEY `scenway_key_scenId` (`scenId`),
  CONSTRAINT `scenway_key_scenId` FOREIGN KEY (`scenId`) REFERENCES `scenic` (`id`),
  CONSTRAINT `scenway_key_wayId` FOREIGN KEY (`wayId`) REFERENCES `scenicway` (`id`)
) ENGINE=InnoDB AUTO_INCREMENT=113 DEFAULT CHARSET=utf8;

/*Data for the table `scenicway_orscenic` */

insert  into `scenicway_orscenic`(`id`,`wayId`,`scenId`,`index`) values (2,1,1,0),(3,1,2,1),(4,2,1,0),(5,2,2,1),(6,3,1,0),(7,3,2,1),(8,4,1,0),(9,4,2,1),(10,5,1,0),(11,5,2,1),(12,6,1,0),(13,6,2,1),(17,8,1,0),(18,8,2,1),(19,1,2,0),(20,1,1,0),(21,22,27,0),(22,22,37,1),(23,22,38,2),(29,12,35,0),(30,12,36,1),(35,13,50,0),(36,13,44,1),(37,13,49,2),(43,26,57,0),(55,34,53,0),(56,35,77,0),(57,36,60,0),(58,37,57,0),(59,38,67,0),(60,39,78,0),(61,40,79,0),(62,41,58,0),(63,42,55,0),(64,43,61,0),(65,44,65,0),(81,24,71,0),(83,27,50,0),(84,30,49,0),(85,28,48,0),(86,28,49,1),(87,29,65,0),(88,29,80,1),(89,29,81,2),(90,31,48,0),(91,32,56,0),(92,32,52,1),(93,25,48,0),(102,33,63,0),(103,1,1,0),(104,1,1,0),(105,1,1,0),(106,1,1,0),(111,23,74,0),(112,23,79,1);

/*Table structure for table `tickets_type` */

DROP TABLE IF EXISTS `tickets_type`;

CREATE TABLE `tickets_type` (
  `id` int(11) NOT NULL AUTO_INCREMENT COMMENT '主键',
  `type` varchar(50) DEFAULT NULL COMMENT '票种',
  `price` double DEFAULT NULL COMMENT '价格',
  `scenicid` int(11) DEFAULT NULL COMMENT '景点表外键',
  PRIMARY KEY (`id`)
) ENGINE=InnoDB AUTO_INCREMENT=115 DEFAULT CHARSET=utf8;

/*Data for the table `tickets_type` */

insert  into `tickets_type`(`id`,`type`,`price`,`scenicid`) values (1,'childprice',50,1),(2,'adultprice',45,1),(3,'adultprice',50,27),(4,'childprice',40,27),(5,'adultprice',60,28),(6,'childprice',50,28),(7,'adultprice',30,29),(8,'childprice',20,29),(9,'adultprice',30,30),(10,'childprice',20,30),(11,'adultprice',30,31),(12,'childprice',20,31),(13,'adultprice',30,32),(14,'childprice',20,32),(15,'adultprice',30,33),(16,'childprice',20,33),(17,'adultprice',30,34),(18,'childprice',20,34),(19,'adultprice',50,35),(20,'childprice',40,35),(21,'adultprice',50,36),(22,'childprice',40,36),(23,'adultprice',50,37),(24,'childprice',40,37),(25,'adultprice',50,38),(26,'childprice',40,38),(27,'adultprice',30,39),(28,'childprice',20,39),(29,'adultprice',30,40),(30,'childprice',20,40),(31,'adultprice',50,41),(32,'childprice',40,41),(33,'adultprice',50,43),(34,'childprice',40,43),(35,'adultprice',56,46),(36,'childprice',46,46),(37,'adultprice',56,44),(38,'childprice',48,44),(39,'adultprice',546,47),(40,'childprice',175,47),(41,'adultprice',399,48),(42,'childprice',299,48),(43,'adultprice',239,49),(44,'childprice',136,49),(45,'adultprice',159,50),(46,'childprice',136,50),(47,'adultprice',239,51),(48,'childprice',136,51),(49,'adultprice',85,52),(50,'childprice',56,52),(51,'adultprice',80,53),(52,'childprice',61,53),(53,'adultprice',220,54),(54,'childprice',120,54),(55,'adultprice',220,55),(56,'childprice',150,55),(57,'adultprice',398,56),(58,'childprice',299,56),(59,'adultprice',225,57),(60,'childprice',165,57),(61,'adultprice',168,58),(62,'childprice',120,58),(63,'adultprice',158,59),(64,'childprice',118,59),(65,'adultprice',195,60),(66,'childprice',135,60),(67,'adultprice',98,61),(68,'childprice',68,61),(69,'adultprice',198,62),(70,'childprice',138,62),(71,'adultprice',228,63),(72,'childprice',198,63),(73,'adultprice',99,64),(74,'childprice',80,64),(75,'adultprice',67,65),(76,'childprice',60,65),(77,'adultprice',67,66),(78,'childprice',60,66),(79,'adultprice',80,67),(80,'childprice',40,67),(81,'adultprice',99,68),(82,'childprice',90,68),(83,'adultprice',180,69),(84,'childprice',150,69),(85,'adultprice',180,70),(86,'childprice',150,70),(87,'adultprice',550,71),(88,'childprice',350,71),(89,'adultprice',268,72),(90,'childprice',225,72),(91,'adultprice',225,73),(92,'childprice',196,73),(93,'adultprice',49,74),(94,'childprice',30,74),(95,'adultprice',250,75),(96,'childprice',229,75),(97,'adultprice',250,76),(98,'childprice',229,76),(99,'adultprice',452,77),(100,'childprice',356,77),(101,'adultprice',300,78),(102,'childprice',258,78),(103,'adultprice',45,79),(104,'childprice',30,79),(105,'adultprice',45,80),(106,'childprice',30,80),(107,'adultprice',50,81),(108,'childprice',40,81),(109,'adultprice',190,82),(110,'childprice',176,82),(111,'adultprice',190,83),(112,'childprice',176,83),(113,'adultprice',110,84),(114,'childprice',80,84);

/*Table structure for table `title` */

DROP TABLE IF EXISTS `title`;

CREATE TABLE `title` (
  `id` int(11) NOT NULL AUTO_INCREMENT COMMENT '主键',
  `type` varchar(20) DEFAULT NULL COMMENT '主题分类',
  PRIMARY KEY (`id`)
) ENGINE=InnoDB AUTO_INCREMENT=29 DEFAULT CHARSET=utf8;

/*Data for the table `title` */

insert  into `title`(`id`,`type`) values (1,'城市精品'),(2,'兔悦亲子'),(3,'名山胜景'),(4,'市郊游乐'),(5,'海上狂欢季'),(6,'都市观光'),(7,'田园观光'),(8,'蜜月之旅'),(9,'玩转海南'),(10,'帆航之旅泡在青岛'),(11,'湖光山色'),(13,'亲子游'),(14,'摄影采风'),(15,'田园度假'),(16,'主题乐园'),(17,'特色古镇'),(18,'特色房车'),(19,'滑雪度假'),(20,'山水景观'),(21,'南方避寒'),(22,'舒适冷泉'),(23,'祈福拜佛'),(24,'玩水季'),(25,'海滨岛屿'),(26,'温泉'),(27,'园林景观'),(28,'古迹遗址');

/*Table structure for table `travel` */

DROP TABLE IF EXISTS `travel`;

CREATE TABLE `travel` (
  `id` int(11) NOT NULL AUTO_INCREMENT COMMENT '主键',
  `title` varchar(20) DEFAULT NULL COMMENT '标题',
  `content` text COMMENT '内容',
  `time` date DEFAULT NULL COMMENT '时间',
  `userid` int(11) DEFAULT NULL COMMENT '用户表外键',
  `scenicId` int(11) DEFAULT NULL COMMENT '景点表id',
  `views` int(11) DEFAULT '0' COMMENT '浏览次数',
  `coverimg` text COMMENT '封面图片',
  `indentid` int(11) DEFAULT NULL COMMENT '订单id',
  PRIMARY KEY (`id`),
  KEY `userid` (`userid`),
  KEY `indentid` (`indentid`),
  CONSTRAINT `indentid` FOREIGN KEY (`indentid`) REFERENCES `indent` (`id`),
  CONSTRAINT `travel_ibfk_1` FOREIGN KEY (`userid`) REFERENCES `user` (`id`)
) ENGINE=InnoDB AUTO_INCREMENT=115 DEFAULT CHARSET=utf8;

/*Data for the table `travel` */

insert  into `travel`(`id`,`title`,`content`,`time`,`userid`,`scenicId`,`views`,`coverimg`,`indentid`) values (84,'雪','<p>\n 女：这季节风多了一些,吹痛被爱遗忘的一切,而我却躲不过这感觉,痛的无力去改变,谁了解在我的世界,爱的信仰已被风熄灭<br>就像离开树的落叶<br>飘不见 已经慢慢凋谢<br>忽然下的一场雪飘的那么纯洁<br>将我埋葬在你的世界<br>冰封了我爱的期限<br>却让痛成为永远<br>在一瞬间曾经所有的梦<br>都幻灭<br>剩下回忆湿了我的眼<br>还牵着你给过我的誓言<br>发现已经无法兑现<br>男：<br>一整夜爱与恨重叠<br>只剩心被撕裂的感觉<br>属于我的幸福被你忽略<br>我不愿无法妥协<br>忽然下的一场雪飘的<br>那么纯洁<br>将我埋葬在你的世界<br>冰封了我爱的期限<br>却让痛成为永远<br>在一瞬间曾经所有的梦<br>都幻灭<br>剩下回忆湿了我的眼<br>还牵着你给过我的誓言<br>发现已经无法兑现<br>忧伤陪伴在我身边<br>任时间将我的记忆更迭<br>却无法忘掉 你那冰冷的眼</p><p><img src=\"http://localhost:1001/umeditor/jsp/upload/20181109/35691541777644806.jpg\" _src=\"http://localhost:1001/umeditor/jsp/upload/20181109/35691541777644806.jpg\"></p><p>合：<br>一场雪 飘的那么纯洁<br>将我埋葬在你的世界<br>陷入你善变的谎言<br>我的爱 已被搁浅<br>在一瞬间曾经所有的梦都幻灭<br>剩下回忆湿了我的眼<br>就连呼吸仿佛都被冻结<br>在这个寂寞的深夜<br>心随着雪飘远</p><p><img src=\"http://localhost:1001/umeditor/jsp/upload/20181109/63441541777630702.jpg\" _src=\"http://localhost:1001/umeditor/jsp/upload/20181109/63441541777630702.jpg\"></p>','2018-11-09',1,NULL,6,'coverimg/uploads/sliver20181109233428100.PNG',NULL),(85,'听','<p>\n <img src=\"http://img.baidu.com/hi/jx2/j_0016.gif\" _src=\"http://img.baidu.com/hi/jx2/j_0016.gif\">谁把红尘一砖一瓦砌成墙<br>让两岸桃花盛开到心慌<br>两个世界 望一轮月光<br>我用手指无穷尽的探访<br>谁把红豆一丝一缕磨成香<br>让相思从缝隙里溢成江<br>惊鸿入耳 温柔了沧桑<br>愿喧嚣尘世把我们遗忘<br>听你呼吸里的伤<br>听你心跳里的狂<br>听你怀抱的暖蔓延过山岗<br>听你眼睛里的光<br>听爱在耳畔发烫<br>听我们在心墙的两边刻满<br>地老天荒<br>地老天荒</p><p><img src=\"http://img.baidu.com/hi/babycat/C_0019.gif\" _src=\"http://img.baidu.com/hi/babycat/C_0019.gif\"></p><p>谁把红豆一丝一缕磨成香<br>让相思从缝隙里溢成江<br>惊鸿入耳 温柔了沧桑<br>愿喧嚣尘世把我们遗忘<br>听你呼吸里的伤<br>听你心跳里的狂<br>听你怀抱的暖蔓延过山岗<br>听你眼睛里的光<br>听爱在耳畔发烫<br>听我们在心墙的两边<br>地老天荒<br>听你呼吸里的伤<br>听你心跳里的狂<br>听你怀抱的暖蔓延过山岗<br>听你眼睛里的光<br>听爱在耳畔发烫<br>听我们在心墙的两边刻满<br>地老天荒<br>地老天荒<br><br></p>','2018-11-09',1,NULL,9,'coverimg/uploads/sliver20181109233630448.PNG',1),(86,'期待爱','<p><br>My Life 一直在等待<br>空荡的口袋<br>想在里面放 一份爱<br>Why 总是被打败<br>真的好无奈<br>其实我 实实在在<br>不管帅不帅<br>想要找回来<br>自己的节拍<br>所以这一次<br>我要勇敢 大声说出来<br>期待 期待你发现我的爱<br>无所不在 我自然而然的关怀<br>你的存在 心灵感应的方向<br>我一眼就看出来<br>是因为爱<br>我猜 你早已发现我的爱<br>绕几个弯 靠越近越明白<br>不要走开<br>幸福的开始 就是放手去爱<br>想要找回来<br>自己的节拍<br>所以这一次<br>我要勇敢 大声说出来<br>期待 期待你发现我的爱<br>无所不在 我自然而然的关怀<br>你的存在 心灵感应的方向<br>我一眼就看出来<br>是因为爱<br>我猜 你早已发现我的爱<br>绕几个弯 靠越近越明白<br>不要走开<br>幸福的开始 就是放手去爱<br>幸福的开始 就是放手去爱</p><p><img src=\"http://localhost:1001/umeditor/jsp/upload/20181109/18291541778306628.jpg\" _src=\"http://localhost:1001/umeditor/jsp/upload/20181109/18291541778306628.jpg\"></p>','2018-11-09',2,NULL,6,'coverimg/uploads/sliver20181109234522891.jpg',13),(88,'越爱越强','<p>\n <br>剩下几格电量<br>能否撑到天亮<br>泪水不争气地缓慢落下<br>再多话只能独享<br>总是横冲直撞<br>满身伤的勋章<br>还能有多少年少的轻狂<br>不在乎别人眼光<br>满满的理想 和世界对抗<br>才发现原来我没有翅膀<br>Wo<br>所谓的幸福是什么模样<br>哪里会是我飞翔的地方<br>平凡的幸福是什么模样<br>当希望成就失望<br>当梦想成全幻想<br>迷雾的前方<br>我只能一步步越爱越强<br>总是横冲直撞<br>满身伤的勋章<br>还能有多少年少的轻狂<br>不在乎别人眼光<br>满满的理想 和世界对抗<br>才发现原来我没有翅膀<br>Wo<br>所谓的幸福是什么模样<br>哪里会是我飞翔的地方<br>平凡的幸福是什么模样<br>当希望成就失望<br>当梦想成全幻想<br>迷雾的前方<br>我只能一步步越爱越强<br>就让我 逆着风走着<br>就让我 淋着雨痛着<br>不害怕 沿途多少旁观者窃笑着<br>只是输了死不了的<br>所谓的幸福是什么模样<br>哪里会是我飞翔的地方<br>平凡的幸福是什么模样<br>当希望成就失望<br>当梦想成全幻想<br>迷雾的前方<br>我只能一步步越爱越强</p><p>​<br></p>','2018-11-11',2,NULL,3,'coverimg/uploads/sliver20181111215409213.PNG',14),(90,'执着的形状','<p>\n <br>最近是有多忙<br>都来不及好好想想<br>一个人慵懒懒地<br>坐到天亮<br>未来没有任何形状<br>像午后的那缕阳光<br>吸引着我 却很滚烫<br>考验我的想象<br>简单的开心的唱着歌<br>和朋友们一起狂欢<br>寂寞的时候<br>就一个人弹着琴在海边到处游荡<br>曾经的自己渐行渐远<br>褪去了太多勇敢<br>顾虑的太多就容易被阻拦<br>在追寻梦想的路上<br>难免会跌跌撞撞<br>总是不小心<br>就被现实被诱惑迷失了方向<br>肩膀会被故事填满<br>越成熟看得越远<br>有执着的心就不会被打败<br>最近是有多忙<br>都来不及好好想想<br>一个人慵懒懒地<br>坐到天亮<br>未来没有任何形状<br>像午后的那缕阳光<br>吸引着我 却很滚烫<br>考验我的想象<br>简单的开心的唱着歌<br>和朋友们一起狂欢<br>寂寞的时候<br>就一个人弹着琴在海边到处游荡<br>曾经的自己渐行渐远<br>褪去了太多勇敢<br>顾虑的太多就容易被阻拦<br>在追寻梦想的路上<br>难免会跌跌撞撞<br>总是不小心<br>就被现实被诱惑迷失了方向<br>肩膀会被故事填满<br>越成熟看得越远<br>有执着的心就不会被打败<br>在追寻梦想的路上<br>难免会跌跌撞撞<br>总是不小心<br>就被现实被诱惑迷失了方向<br>肩膀会被故事填满<br>越成熟看得越远<br>有执着的心就不会被打败</p><p><img src=\"http://localhost:1001/umeditor/jsp/upload/20181111/54381541944859472.jpg\" _src=\"http://localhost:1001/umeditor/jsp/upload/20181111/54381541944859472.jpg\"></p>','2018-11-11',2,NULL,6,'coverimg/uploads/sliver20181111220110828.jpg',NULL),(91,'男人花','<p>\n <br>当保护你的她 变成要你保护的她<br>当你远离了家 努力有了你爱的她<br>突然发现那个爱着你一生的女人<br>变成了你最牵挂的老人<br>从一哭就有人哄<br>变成再苦也忍着笑<br>哥们情谊在酒里<br>喝完了吐的自己擦<br>就算肩上扛着山<br>也要装的很潇洒<br>这就是我们<br>过了三十岁的男人<br>男人也像一朵花<br>需要人来灌溉他<br>他会用他的芬芳香漫天香<br>男人不是不流泪<br>只是躲起来心碎<br>宁愿瘸着站也不要笑着跪<br>男人也是一朵花<br>也害怕风吹雨打<br>有谁能看到坚强后的伤疤<br>生活不过一杯酒<br>醉完了路还要走<br>爱人和朋友我在你的身后<br>从一哭就有人哄<br>变成再苦也忍着笑<br>哥们情谊在酒里<br>喝完了吐的自己擦<br>就算肩上扛着山<br>也要装的很潇洒<br>这就是我们<br>过了三十岁的男人<br>男人也像一朵花<br>需要人来灌溉他<br>他会用他的芬芳香漫天香<br>男人不是不流泪<br>只是躲起来心碎<br>宁愿瘸着站也不要笑着跪<br>男人也是一朵花<br>也害怕风吹雨打<br>有谁能看到坚强后的伤疤<br>生活不过一杯酒<br>醉完了路还要走<br>爱人和朋友我在你的身后<br>男人也是一朵花<br>也害怕风吹雨打<br>有谁能看到坚强后的伤疤<br>一段情念着一生<br>一个家扛一辈子<br>这就是男人活着的样子<br>生活不过一杯酒<br>醉完了路还要走<br>爱人和朋友我在你的身后</p><p><img src=\"http://localhost:1001/umeditor/jsp/upload/20181111/8111541944982963.jpg\" _src=\"http://localhost:1001/umeditor/jsp/upload/20181111/8111541944982963.jpg\"></p>','2018-11-11',2,NULL,2,'coverimg/uploads/sliver20181111220313627.jpg',15),(92,'淘汰','<p>\n 淘汰 - 陈奕迅 (Eason Chan)<br>词：周杰伦<br>曲：周杰伦<br>编曲：C.Y.Kong<br>我说了所有的谎<br>你全都相信<br>简单的我爱你<br>你却老不信<br>你书里的剧情<br>我不想上演<br>因为我喜欢<br>喜剧收尾<br>我试过完美放弃<br>的确很踏实<br>醒来了梦散了<br>你我都走散了<br>情歌歌词何必押韵<br>就算我是Ｋ歌之王<br>也不见得把<br>爱情唱得完美<br>只能说我输了<br>也许是你怕了<br>我们的回忆没有皱褶<br>你却用离开烫下句点<br>只能说我认了<br>你的不安赢得你信任<br>我却得到你安慰的淘汰<br>我试过完美放弃<br>的确很踏实<br>醒来了梦散了<br>你我都走散了<br>情歌的词何必押韵<br>就算我是Ｋ歌之王<br>也不见得把<br>爱情唱得完美<br>只能说我输了<br>也许是你怕了<br>我们的回忆没有皱褶<br>你却用离开烫下句点<br>只能说我认了<br>你的不安赢得你信任<br>我却得到你安慰的淘汰<br>只能说我输了<br>也许是你怕了<br>我们的回忆没有皱褶<br>你却用离开烫下句点<br>只能说我认了<br>你的不安赢得你信任<br>我却得到你安慰的淘汰</p><p><img src=\"http://localhost:1001/umeditor/jsp/upload/20181111/12111541945058231.jpg\" _src=\"http://localhost:1001/umeditor/jsp/upload/20181111/12111541945058231.jpg\"></p>','2018-11-11',2,NULL,2,'coverimg/uploads/sliver20181111220429336.jpg',16),(93,'千百度','<p>\n 千百度 - 许嵩 (Vae Xu)<br>词：许嵩<br>曲：许嵩<br>编曲：杨阳<br>关外野店 烟火绝 客怎眠<br>寒来袖间 谁为我 添两件<br>三四更雪 风不减 吹袭一夜<br>只是可怜 瘦马未得好歇<br>怅然入梦 梦几月 醒几年<br>往事凄艳 用情浅 两手缘<br>鹧鸪清怨 听得见 飞不回堂前<br>旧楹联红褪墨残谁来揭<br>我寻你千百度 日出到迟暮<br>一瓢江湖我沉浮<br>我寻你千百度 又一岁荣枯<br>可你从不在 灯火阑珊处<br>怅然入梦 梦几月 醒几年<br>往事凄艳 用情浅 两手缘<br>鹧鸪清怨 听得见 飞不回堂前<br>旧楹联红褪墨残谁来揭<br>我寻你千百度 日出到迟暮<br>一瓢江湖我沉浮<br>我寻你千百度 又一岁荣枯<br>可你从不在 灯火阑珊处<br>我寻你千百度 日出到迟暮<br>一瓢江湖我沉浮<br>我寻你千百度 又一岁荣枯<br>你不在 灯火阑珊处<br><br><img src=\"http://localhost:1001/umeditor/jsp/upload/20181111/69201541945377559.jpg\" _src=\"http://localhost:1001/umeditor/jsp/upload/20181111/69201541945377559.jpg\"></p>','2018-11-11',2,NULL,5,'coverimg/uploads/sliver20181111220949437.jpg',18),(94,'如果一切从没发生过','<p>\n 如果一切没有发生过 (《从天儿降》电影插曲) - 张碧晨<br>词：仓雁彬<br>曲：仓雁彬<br>编曲：张继旗<br>我最怕有一天你就这样不见了<br>一丝痕也没有仿佛从未出现过<br>我习惯地转身 那边空空没有人<br>只能停住了傻傻地出神<br>难道是场大梦我正慢慢醒过来<br>还是怪我想象太多终于变疯呆<br>可是我的手心 留着暖暖的温度<br>原谅我此刻任性的顽固<br>如果这一切从没发生过<br>为何感觉心被掏走了什么<br>怎样略过身边那个灰色轮廓<br>用尽全力却仍无法触摸<br>如果这一切从没发生过<br>究竟是什么把命运捉弄了<br>我曾眼看幸福已经垂手可得<br>却又一瞬消失都散了<br>难道是场大梦我正慢慢醒过来<br>还是怪我想象太多终于变疯呆<br>可是我的手心 留着暖暖的温度<br>原谅我此刻任性的顽固<br>如果这一切从没发生过<br>为何感觉心被掏走了什么<br>怎样略过身边那个灰色轮廓<br>用尽全力却仍无法触摸<br>如果这一切从没发生过<br>究竟是什么把命运捉弄了<br>我曾眼看幸福已经垂手可得<br>却又一瞬消失都散了<br>如果这一切从没发生过<br>究竟是什么把命运捉弄了<br>我曾眼看幸福已经垂手可得<br>却又一瞬消失都散了<br>我曾眼看幸福已经垂手可得<br>却又一瞬消失都散了<br><br><img src=\"http://localhost:1001/umeditor/jsp/upload/20181111/79481541945559301.jpg\" _src=\"http://localhost:1001/umeditor/jsp/upload/20181111/79481541945559301.jpg\"></p>','2018-11-11',2,NULL,4,'coverimg/uploads/sliver20181111221249215.jpg',20),(95,'想对你说','<p>\n 想对你说 - 杨宗纬 (Aska Yang)<br>词：吴青峰<br>曲：吴青峰<br>编曲：林暐哲/龚钰祺<br>制作人：林暐哲<br>想 想对你说<br>说些什么 让你好过<br>怕 怕对你说<br>说了什么 触碰伤口<br>你说 一定是你的错<br>所以他要 离你远走<br>我 眼中的你<br>年华美丽 盛开如诗<br>嘿 别害怕去<br>去喜欢你 你的样子<br>我说 别让别人的错<br>惩罚自己 反复嚼痛<br>一生之中 那未知的曲折和寂寞<br>让人胆怯 让人折磨<br>时光的手 将未知的过程换来结果<br>会让 痛苦筛过<br>生活 快乐过伤心过<br>不用遗忘 不用闪躲<br>一生之中 那未知的曲折和寂寞<br>让人胆怯 让人折磨<br>用时光的手<br>将未知的过程换来结果<br>会让 痛苦筛落<br>一生之中 那未知的幸福和富有<br>别怕期待 别怕拥有<br>用自己的手<br>将未知的过程换来结果<br>终有值得 紧握<br>爱 看似容易<br>若无勇气 终将褪去<br>恨 看似坚硬 若你愿意<br>我陪你过去 过去<br><br><img src=\"http://localhost:1001/umeditor/jsp/upload/20181111/93071541945643339.jpg\" _src=\"http://localhost:1001/umeditor/jsp/upload/20181111/93071541945643339.jpg\"></p>','2018-11-11',2,NULL,2,'coverimg/uploads/sliver20181111221413692.jpg',17),(96,'天未凉心微凉','<p>\n 天未亮心微凉 - 夏婉安 (Ann)/孙紫涵 (Hlva)<br>紫涵：窗外天还没有点亮<br>我的心依然是微凉<br>我的天空里看不到<br>看不到一丝光芒<br>为什么黑夜里<br>只有泪水在发光<br>为什么失意的人<br>总是会彷徨<br>婉安：不是说努力了过后<br>就会看得到希望<br>可是不曾放弃的我<br>却仍找不到方向<br>该怎么继续呢<br>我的心空空的<br>为什么在意的人<br>总不在身旁<br>紫涵：是不是我的天空<br>永远不会有光芒<br>婉安：是不是追求幸福的人<br>都注定悲伤<br>合：我是那么渴望<br>哪怕微笑的脸庞<br>可到最后依旧接受命运的终场<br>紫涵：如果说我们<br>没有结果早已注定的<br>婉安：卑微的生活<br>隐藏多少内心的苦乐<br>紫涵：我不想说太多<br>婉安：说什么都是错<br>合：失魂落魄生活怎么过<br>紫涵：是不是生活<br>原本就是危险的抉择<br>是不是历经所有苦痛才会有结果<br>我不怪路太坎坷<br>没有辩解可以做<br>一步一步的握紧双手艰难的活<br>婉安：我为你擦过脸上的<br>泪滴有无数颗<br>我为你找到幸福每天做了太多<br>可是到最后呢<br>你说会带走我<br>可摸着胸口一遍一遍却是空的<br>婉安：不爱了听我说<br>紫涵：写了这首歌送给失落的我<br>每当困难来临时我要记得<br>婉安：感谢我活着<br>痛却快乐呢<br>合：受的折磨终会过去的<br>加油<br><br><img src=\"http://localhost:1001/umeditor/jsp/upload/20181111/24661541946262699.jpg\" _src=\"http://localhost:1001/umeditor/jsp/upload/20181111/24661541946262699.jpg\"></p>','2018-11-11',2,NULL,7,'coverimg/uploads/sliver20181111222431937.jpg',19),(97,'我怀念的','<p>								</p><p>								</p><p>我问为什么<br>那女孩传简讯给我<br>而你为什么<br>你已不想挽回什么<br>不解释低着头沉默<br>我该相信你很爱我<br>不愿意敷衍我<br>还是明白<br>想问为什么<br>我不再是你的快乐<br>可是为什么<br>却苦笑说我都懂了<br>自尊常常将人拖着<br>把爱都走曲折<br>假装了解是怕<br>真相太赤裸裸<br>狼狈比失去难受<br>我怀念的 是无话不说<br>我怀念的 是一起作梦<br>我怀念的 是争吵以后<br>还是想要 爱你的冲动<br>我记得那年生日<br>也记得那一首歌<br>记得那片星空<br>最紧的右手<br>最暖的胸口<br>谁 记得<br>想问为什么<br>我不再是你的快乐<br>可是为什么<br>却苦笑说我都懂了<br>自尊常常将人拖着<br>把爱都走曲折<br>假装了解是怕<br>真相太赤裸裸<br>狼狈比失去难受<br>我怀念的 是无话不说<br>我怀念的 是一起作梦<br>我怀念的 是争吵以后<br>还是想要爱你的冲动<br>我记得那年生日<br>也记得那一首歌<br>记得那片星空<br>最紧的右手<br>最暖的胸口<br>谁忘了<br>我怀念的 是无言感动<br>我怀念的 是绝对炽热<br>我怀念的 是你很激动<br>求我原谅抱得我都痛<br>我记得你在背后<br>也记得我颤抖着<br>记得感觉汹涌<br>最美的烟火<br>最长的相拥<br>谁要走我的心<br>谁忘了那就是承诺<br>谁自顾自地走<br>谁忘了看着我<br>谁让爱变沉重<br>谁忘了要给你温柔<br>我怀念的<br>我还有想要 爱你的冲动<br>我记得那年生日<br>也记得那一首歌<br>记得那片星空<br>最紧的右手<br>最暖的胸口<br>太爱了<br>所以我<br>没有哭<br>没有说<br><br><img src=\"http://localhost:1001/umeditor/jsp/upload/20181111/57861541946600078.jpg\" _src=\"http://localhost:1001/umeditor/jsp/upload/20181111/57861541946600078.jpg\"></p><p>\n							</p><p>\n							</p>','2018-11-16',2,NULL,7,'coverimg/uploads/sliver20181111223011137.jpg',13),(98,'兰亭集序','<p>永和九年，岁在癸丑，暮春之初，会于会稽山阴之兰亭，修禊事也。群贤毕至，少长咸集。此地有崇山峻岭，茂林修竹；又有清流激湍，映带左右，引以为流觞曲水，列坐其次。虽无丝竹管弦之盛，一觞一咏，亦足以畅叙幽情。是日也，天朗气清，惠风和畅，仰观宇宙之大，俯察品类之盛，所以游目骋怀，足以极视听之娱，信可乐也。</p><p>　　夫人之相与，俯仰一世，或取诸怀抱，悟言一室之内；或因寄所托，放浪形骸之外。虽趣舍万殊，静躁不同，当其欣于所遇，暂得于己，快然自足，不知老之将至。及其所之既倦，情随事迁，感慨系之矣。向之所欣，俯仰之间，已为陈迹，犹不能不以之兴怀。况修短随化，终期于尽。古人云：“死生亦大矣。”岂不痛哉！(不知老之将至\n 一作：曾不知老之将至)</p><p>　　每览昔人兴感之由，若合一契，未尝不临文嗟悼，不能喻之于怀。固知一死生为虚诞，齐彭殇为妄作。后之视今，亦犹今之视昔。悲夫！故列叙时人，录其所述，虽世殊事异，所以兴怀，其致一也。后之览者，亦将有感于斯文。</p><p><img src=\"http://localhost:1001/umeditor/jsp/upload/20181112/45681542023644366.jpg\" _src=\"http://localhost:1001/umeditor/jsp/upload/20181112/45681542023644366.jpg\"></p>','2018-11-12',11,NULL,3,'coverimg/uploads/sliver20181112195422363.jpg',17),(99,'前赤壁赋','<p>壬戌之秋，七月既望，苏子与客泛舟游于赤壁之下。清风徐来，水波不兴。举酒属客，诵明月之诗，歌窈窕之章。少焉，月出于东山之上，徘徊于斗牛之间。白露横江，水光接天。纵一苇之所如，凌万顷之茫然。浩浩乎如冯虚御风，而不知其所止；飘飘乎如遗世独立，羽化而登仙。(冯\n 通：凭)</p><p>　　于是饮酒乐甚，扣舷而歌之。歌曰：“桂棹兮兰桨，击空明兮溯流光。渺渺兮予怀，望美人兮天一方。”客有吹洞箫者，倚歌而和之。其声呜呜然，如怨如慕，如泣如诉；余音袅袅，不绝如缕。舞幽壑之潜蛟，泣孤舟之嫠妇。</p><p>　　苏子愀然，正襟危坐，而问客曰：“何为其然也？”客曰：“‘月明星稀，乌鹊南飞。’此非曹孟德之诗乎？西望夏口，东望武昌，山川相缪，郁乎苍苍，此非孟德之困于周郎者乎？方其破荆州，下江陵，顺流而东也，舳舻千里，旌旗蔽空，酾酒临江，横槊赋诗，固一世之雄也，而今安在哉？况吾与子渔樵于江渚之上，侣鱼虾而友麋鹿，驾一叶之扁舟，举匏樽以相属。寄蜉蝣于天地，渺沧海之一粟。哀吾生之须臾，羡长\n 江之无穷。挟飞仙以遨游，抱明月而长终。知不可乎骤得，托遗响于悲风。”</p><p>　　苏子曰：“客亦知夫水与月乎？逝者如斯，而未尝往也；盈虚者如彼，而卒莫消长也。盖将自其变者而观之，则天地曾不能以一瞬；自其不变者而观之，则物与我皆无尽也，而又何羡乎！且夫天地之间，物各有主，苟非吾之所有，虽一毫而莫取。惟江上之清风，与山间之明月，耳得之而为声，目遇之而成色，取之无禁，用之不竭。是造物者之无尽藏也，而吾与子之所共适。”(共适\n 一作：共食)</p><p>　　客喜而笑，洗盏更酌。肴核既尽，杯盘狼籍。相与枕藉乎舟中，不知东方之既白。</p><p><br></p>','2018-11-12',11,NULL,11,'coverimg/uploads/sliver20181112195518117.jpg',20),(100,'游褒禅山记','<p>褒禅山亦谓之华山，唐浮图慧褒始舍于其址，而卒葬之；以故其后名之曰“褒禅”。今所谓慧空禅院者，褒之庐冢也。距其院东五里，所谓华山洞者，以其乃华山之阳名之也。距洞百余步，有碑仆道，其文漫灭，独其为文犹可识曰“花山”。今言“华”如“华实”之“华”者，盖音谬也。</p><p>　　其下平旷，有泉侧出，而记游者甚众，所谓前洞也。由山以上五六里，有穴窈然，入之甚寒，问其深，则其好游者不能穷也，谓之后洞。余与四人拥火以入，入之愈深，其进愈难，而其见愈奇。有怠而欲出者，曰：“不出，火且尽。”遂与之俱出。盖余所至，比好游者尚不能十一，然视其左右，来而记之者已少。盖其又深，则其至又加少矣。方是时，余之力尚足以入，火尚足以明也。既其出，则或咎其欲出者，而余亦悔其随之，而不得极夫游之乐也。</p><p>　　于是余有叹焉。古人之观于天地、山川、草木、虫鱼、鸟兽，往往有得，以其求思之深而无不在也。夫夷以近，则游者众；险以远，则至者少。而世之奇伟、瑰怪，非常之观，常在于险远，而人之所罕至焉，故非有志者不能至也。有志矣，不随以止也，然力不足者，亦不能至也。有志与力，而又不随以怠，至于幽暗昏惑而无物以相之，亦不能至也。然力足以至焉，于人为可讥，而在己为有悔；尽吾志也而不能至者，可以无悔矣，其孰能讥之乎？此余之所得也！</p><p>　　余于仆碑，又以悲夫古书之不存，后世之谬其传而莫能名者，何可胜道也哉！此所以学者不可以不深思而慎取之也。</p><p>　　四人者：庐陵萧君圭君玉，长乐王回深父，余弟安国平父、安上纯父。</p><p>　　至和元年七月某日，临川王某记。</p><p><br></p>','2018-11-12',11,NULL,5,'coverimg/uploads/sliver20181112195605604.jpg',12),(101,'孔雀东南飞','<p>汉末建安中，庐江府小吏焦仲卿妻刘氏，为仲卿母所遣，自誓不嫁。其家逼之，乃投水而死。仲卿闻之，亦自缢于庭树。时人伤之，为诗云尔。</p><p>　　孔雀东南飞，五里一徘徊。</p><p>　　“十三能织素，十四学裁衣。十五弹箜篌，十六诵诗书。十七为君妇，心中常苦悲。君既为府吏，守节情不移。贱妾留空房，相见常日稀。鸡鸣入机织，夜夜不得息。三日断五匹，大人故嫌迟。非为织作迟，君家妇难为！妾不堪驱使，徒留无所施。便可白公姥，及时相遣归。”</p><p>　　府吏得闻之，堂上启阿母：“儿已薄禄相，幸复得此妇。结发同枕席，黄泉共为友。共事二三年，始尔未为久。女行无偏斜，何意致不厚。”</p><p>　　阿母谓府吏：“何乃太区区！此妇无礼节，举动自专由。吾意久怀忿，汝岂得自由！东家有贤女，自名秦罗敷。可怜体无比，阿母为汝求。便可速遣之，遣去慎莫留！”</p><p>　　府吏长跪告：“伏惟启阿母。今若遣此妇，终老不复取！”</p><p>　　阿母得闻之，槌床便大怒：“小子无所畏，何敢助妇语！吾已失恩义，会不相从许！”</p><p>　　府吏默无声，再拜还入户。举言谓新妇，哽咽不能语：“我自不驱卿，逼迫有阿母。卿但暂还家，吾今且报府。不久当归还，还必相迎取。以此下心意，慎勿违吾语。”</p><p>　　新妇谓府吏：“勿复重纷纭。往昔初阳岁，谢家来贵门。奉事循公姥，进止敢自专？昼夜勤作息，伶俜萦苦辛。谓言无罪过，供养卒大恩；仍更被驱遣，何言复来还！妾有绣腰襦，葳蕤自生光；红罗复斗帐，四角垂香囊；箱帘六七十，绿碧青丝绳，物物各自异，种种在其中。人贱物亦鄙，不足迎后人，留待作遗施，于今无会因。时时为安慰，久久莫相忘！”</p><p>　　鸡鸣外欲曙，新妇起严妆。著我绣夹裙，事事四五通。足下蹑丝履，头上玳瑁光。腰若流纨素，耳著明月珰。指如削葱根，口如含朱丹。纤纤作细步，精妙世无双。</p><p>　　上堂拜阿母，阿母怒不止。“昔作女儿时，生小出野里。本自无教训，兼愧贵家子。受母钱帛多，不堪母驱使。今日还家去，念母劳家里。”却与小姑别，泪落连珠子。“新妇初来时，小姑始扶床；今日被驱遣，小姑如我长。勤心养公姥，好自相扶将。初七及下九，嬉戏莫相忘。”出门登车去，涕落百余行。</p><p>　　府吏马在前，新妇车在后。隐隐何甸甸，俱会大道口。下马入车中，低头共耳语：“誓不相隔卿，且暂还家去。吾今且赴府，不久当还归。誓天不相负！”</p><p>　　新妇谓府吏：“感君区区怀！君既若见录，不久望君来。君当作磐石，妾当作蒲苇。蒲苇纫如丝，磐石无转移。我有亲父兄，性行暴如雷，恐不任我意，逆以煎我怀。”举手长劳劳，二情同依依 。</p><p>　　入门上家堂，进退无颜仪。阿母大拊掌，不图子自归：“十三教汝织，十四能裁衣，十五弹箜篌，十六知礼仪，十七遣汝嫁，谓言无誓违。汝今何罪过，不迎而自归？”兰芝惭阿母：“儿实无罪过。”阿母大悲摧。</p><p>　　还家十余日，县令遣媒来。云有第三郎，窈窕世无双。年始十八九，便言多令才。</p><p>　　阿母谓阿女：“汝可去应之。”</p><p>　　阿女含泪答：“兰芝初还时，府吏见丁宁，结誓不别离。今日违情义，恐此事非奇。自可断来信，徐徐更谓之。”</p><p>　　阿母白媒人：“贫贱有此女，始适还家门。不堪吏人妇，岂合令郎君？幸可广问讯，不得便相许。”</p><p>　　媒人去数日，寻遣丞请还，说有兰家女，承籍有宦官。云有第五郎，娇逸未有婚。遣丞为媒人，主簿通语言。直说太守家，有此令郎君，既欲结大义，故遣来贵门。</p><p>　　阿母谢媒人：“女子先有誓，老姥岂敢言！”</p><p>　　阿兄得闻之，怅然心中烦。举言谓阿妹：“作计何不量！先嫁得府吏，后嫁得郎君。否泰如天地，足以荣汝身。不嫁义郎体，其往欲何云？”<br>　　兰芝仰头答：“理实如兄言。谢家事夫婿，中道还兄门。处分适兄意，那得自任专！虽与府吏要，渠会永无缘。登即相许和，便可作婚姻。”</p><p>　　媒人下床去。诺诺复尔尔。还部白府君：“下官奉使命，言谈大有缘。”府君得闻之，心中大欢喜。视历复开书，便利此月内，六合正相应。良吉三十日，今已二十七，卿可去成婚。交语速装束，络绎如浮云。青雀白鹄舫，四角龙子幡。婀娜随风转，金车玉作轮。踯躅青骢马，流苏金镂鞍。赍钱三百万，皆用青丝穿。杂彩三百匹，交广市鲑珍。从人四五百，郁郁登郡门。</p><p>　　阿母谓阿女：“适得府君书，明日来迎汝。何不作衣裳？莫令事不举！”</p><p>　　阿女默无声，手巾掩口啼，泪落便如泻。移我琉璃榻，出置前窗下。左手持刀尺，右手执绫罗。朝成绣夹裙，晚成单罗衫。晻晻日欲暝，愁思出门啼。</p><p>　　府吏闻此变，因求假暂归。未至二三里，摧藏马悲哀。新妇识马声，蹑履相逢迎。怅然遥相望，知是故人来。举手拍马鞍，嗟叹使心伤：“自君别我后，人事不可量。果不如先愿，又非君所详。我有亲父母，逼迫兼弟兄。以我应他人，君还何所望！”</p><p>　　府吏谓新妇：“贺卿得高迁！磐石方且厚，可以卒千年；蒲苇一时纫，便作旦夕间。卿当日胜贵，吾独向黄泉！”</p><p>　　新妇谓府吏：“何意出此言！同是被逼迫，君尔妾亦然。黄泉下相见，勿违今日言！”执手分道去，各各还家门。生人作死别，恨恨那可论？念与世间辞，千万不复全！</p><p>　　府吏还家去，上堂拜阿母：“今日大风寒，寒风摧树木，严霜结庭兰。儿今日冥冥，令母在后单。故作不良计，勿复怨鬼神！命如南山石，四体康且直！”</p><p>　　阿母得闻之，零泪应声落：“汝是大家子，仕宦于台阁。慎勿为妇死，贵贱情何薄！东家有贤女，窈窕艳城郭，阿母为汝求，便复在旦夕。”</p><p>　　府吏再拜还，长叹空房中，作计乃尔立。转头向户里，渐见愁煎迫。</p><p>　　其日牛马嘶，新妇入青庐。奄奄黄昏后，寂寂人定初。我命绝今日，魂去尸长留！揽裙脱丝履，举身赴清池。</p><p>　　府吏闻此事，心知长别离。徘徊庭树下，自挂东南枝。</p><p>　　两家求合葬，合葬华山傍。东西植松柏，左右种梧桐。枝枝相覆盖，叶叶相交通。中有双飞鸟，自名为鸳鸯。仰头相向鸣，夜夜达五更。行人驻足听，寡妇起彷徨。多谢后世人，戒之慎勿忘。</p><p><br></p>','2018-11-12',11,NULL,5,'coverimg/uploads/sliver20181112195714665.jpg',NULL),(103,'滕王阁序','<p>								</p><p>								</p><p><font size=\"3\">豫章故郡，洪都新府。星分翼轸，地接衡庐。襟三江而带五湖，控蛮荆而引瓯越。物华天宝，龙光射牛斗之墟；人杰地灵，徐孺下陈蕃之榻。雄州雾列，俊采星驰。台隍枕夷夏之交，宾主尽东南之美。都督阎公之雅望，棨戟遥临；宇文新州之懿范，襜帷暂驻。十旬休假，胜友如云；千里逢迎，高朋满座。腾蛟起凤，孟学士之词宗；紫电青霜，王将军之武库。家君作宰，路出名区；童子何知，躬逢胜饯。(豫章故郡\n 一作：南昌故郡)</font></p><p><font size=\"3\">　　时维九月，序属三秋。潦水尽而寒潭清，烟光凝而暮山紫。俨骖騑于上路，访风景于崇阿。临帝子之长洲，得仙人之旧馆。层峦耸翠，上出重霄；飞阁流丹，下临无地。鹤汀凫渚，穷岛屿之萦回；桂殿兰宫，即冈峦之体势。（层峦\n 一作：层台；即冈 一作：列冈；仙人 一作：天人；飞阁流丹 一作：飞阁翔丹）</font></p><p><font size=\"3\">　　披绣闼，俯雕甍，山原旷其盈视，川泽纡其骇瞩。闾阎扑地，钟鸣鼎食之家；舸舰迷津，青雀黄龙之舳。云销雨霁，彩彻区明。落霞与孤鹜齐飞，秋水共长天一色。渔舟唱晚，响穷彭蠡之滨，雁阵惊寒，声断衡阳之浦。(轴\n 通：舳；迷津 一作：弥津；云销雨霁，彩彻区明 一作：虹销雨霁，彩彻云衢)</font></p><p><font size=\"3\">　　遥襟甫畅，逸兴遄飞。爽籁发而清风生，纤歌凝而白云遏。睢园绿竹，气凌彭泽之樽；邺水朱华，光照临川之笔。四美具，二难并。穷睇眄于中天，极娱游于暇日。天高地迥，觉宇宙之无穷；兴尽悲来，识盈虚之有数。望长安于日下，目吴会于云间。地势极而南溟深，天柱高而北辰远。关山难越，谁悲失路之人；萍水相逢，尽是他乡之客。怀帝阍而不见，奉宣室以何年？(遥襟甫畅\n 一作：遥吟俯畅)</font></p><p><font size=\"3\">　　嗟乎！时运不齐，命途多舛。冯唐易老，李广难封。屈贾谊于长沙，非无圣主；窜梁鸿于海曲，岂乏明时？所赖君子见机，达人知命。老当益壮，宁移白首之心？穷且益坚，不坠青云之志。酌贪泉而觉爽，处涸辙以犹欢。北海虽赊，扶摇可接；东隅已逝，桑榆非晚。孟尝高洁，空余报国之情；阮籍猖狂，岂效穷途之哭！(见机\n 一作：安贫)</font></p><p><font size=\"3\">　　勃，三尺微命，一介书生。无路请缨，等终军之弱冠；有怀投笔，慕宗悫之长风。舍簪笏于百龄，奉晨昏于万里。非谢家之宝树，接孟氏之芳邻。他日趋庭，叨陪鲤对；今兹捧袂，喜托龙门。杨意不逢，抚凌云而自惜；钟期既遇，奏流水以何惭？</font></p><p><font size=\"3\">　　呜乎！胜地不常，盛筵难再；兰亭已矣，梓泽丘墟。临别赠言，幸承恩于伟饯；登高作赋，是所望于群公。敢竭鄙怀，恭疏短引；一言均赋，四韵俱成。请洒潘江，各倾陆海云尔：<br>　　滕王高阁临江渚，佩玉鸣鸾罢歌舞。<br>　　画栋朝飞南浦云，珠帘暮卷西山雨。<br>　　闲云潭影日悠悠，物换星移几度秋。<br>　　阁中帝子今何在？槛外长江空自流。</font></p><p><img src=\"http://localhost:1001/umeditor/jsp/upload/20181112/48061542028978987.jpg\" _src=\"http://localhost:1001/umeditor/jsp/upload/20181112/48061542028978987.jpg\" style=\"\"></p><p><img src=\"http://localhost:1001/umeditor/jsp/upload/20181112/65651542028989192.jpg\" _src=\"http://localhost:1001/umeditor/jsp/upload/20181112/65651542028989192.jpg\" style=\"\"></p><p>\n							</p><p>\n							</p>','2018-11-15',11,NULL,20,'coverimg/uploads/sliver20181112195851853.jpg',NULL),(111,'阿房宫赋','<p><font size=\"4\">\n </font></p><p class=\"poem-detail-main-text\" id=\"body_p\" style=\"font-size: 15px; line-height: 25px; font-family: Arial, sans-serif; white-space: normal;\"><span id=\"body_1_0\" data=\"means_1_0\"><span class=\"body-zhushi-span\" data=\"&quot;\\u516d\\u56fd\\u706d\\u4ea1\\u4e86\\u3002\\u516d\\u9f50\\u3001\\u695a\\u3001\\u71d5\\u3001\\u97e9\\u3001\\u8d75\\u3001\\u9b4f\\u516d\\u56fd\\u7684\\u56fd\\u738b\\uff0c\\u5373\\u6307\\u516d\\u56fd\\u3002[ \\u6bd5 ] \\u5b8c\\u7ed3\\uff0c\\u6307\\u4e3a\\u79e6\\u56fd\\u6240\\u706d\\u3002&quot;\" style=\"border-bottom: 1px solid rgb(38, 115, 219); cursor: pointer;\">六王毕</span>，</span><span id=\"body_1_1\" data=\"means_1_1\">四海<span class=\"body-zhushi-span\" data=\"&quot;\\u7edf\\u4e00\\u3002&quot;\" style=\"border-bottom: 1px solid rgb(38, 115, 219); cursor: pointer;\">一</span>；</span><span id=\"body_1_2\" data=\"means_1_2\">蜀山兀，</span><span id=\"body_1_3\" data=\"means_1_3\">阿房出。</span><span id=\"body_1_4\" data=\"means_1_4\"><span class=\"body-zhushi-span\" data=\"&quot;\\uff08\\u4ece\\u6e2d\\u5357\\u5230\\u54b8\\u9633\\uff09\\u8986\\u76d6\\u4e86\\u4e09\\u767e\\u591a\\u91cc\\u5730\\uff08\\u91cc\\u662f\\u9762\\u79ef\\u5355\\u4f4d\\uff0c\\u4e0d\\u662f\\u957f\\u5ea6\\u5355\\u4f4d\\u3002\\u53e4\\u4ee3\\u4e94\\u6237\\u4e3a\\u4e00\\u90bb\\uff0c\\u4e94\\u90bb\\u4e3a\\u4e00\\u91cc\\u3002\\u4e09\\u767e\\u4f59\\u4e0b\\u91cc\\uff0c\\u7ea6\\u54087500\\u6237\\u4eba\\u5bb6\\u7684\\u9762\\u79ef\\u3002300\\u91cc\\u5730\\uff0c\\u5373150\\u516c\\u91cc\\uff0c\\u73b0\\u4ee3\\u4eba\\u4e5f\\u65e0\\u6cd5\\u505a\\u5230\\uff0c\\u5938\\u5f20\\u8fc7\\u5ea6\\uff0c\\u96be\\u4ee5\\u4ee4\\u4eba\\u4fe1\\u670d\\uff09\\u3002\\u8fd9\\u662f\\u5f62\\u5bb9\\u5bab\\u6bbf\\u697c\\u9601\\u63a5\\u8fde\\u4e0d\\u65ad\\uff0c\\u5360\\u5730\\u6781\\u5e7f\\u3002\\u8986\\u538b\\uff0c\\u8986\\u76d6\\uff08\\u8986\\u538b\\uff1a\\u5e94\\u5f53\\u662f\\u6307\\u201c\\u5c42\\u5c42\\u53e0\\u53e0\\u201d\\uff09\\u3002&quot;\" style=\"border-bottom: 1px solid rgb(38, 115, 219); cursor: pointer;\">覆压三百余里</span>，</span><span id=\"body_1_5\" data=\"means_1_5\"><span class=\"body-zhushi-span\" data=\"&quot;\\u906e\\u853d\\u4e86\\u5929\\u65e5\\u3002\\u8fd9\\u662f\\u5f62\\u5bb9\\u5bab\\u6bbf\\u697c\\u9601\\u7684\\u9ad8\\u5927\\u3002&quot;\" style=\"border-bottom: 1px solid rgb(38, 115, 219); cursor: pointer;\">隔离天日</span>。</span><span id=\"body_1_6\" data=\"means_1_6\">骊山北构而西折，</span><span id=\"body_1_7\" data=\"means_1_7\">直走咸阳。</span><span id=\"body_1_8\" data=\"means_1_8\"><span class=\"body-zhushi-span\" data=\"&quot;\\u4e8c\\u5ddd\\uff0c\\u6307\\u6e2d\\u6c34\\u548c\\u6a0a\\u5ddd\\u3002\\u6eb6\\u6eb6\\uff0c\\u6cb3\\u6c34\\u7f13\\u6d41\\u7684\\u6837\\u5b50\\u3002&quot;\" style=\"border-bottom: 1px solid rgb(38, 115, 219); cursor: pointer;\">二川溶溶</span>，</span><span id=\"body_1_9\" data=\"means_1_9\">流入宫墙。</span><span id=\"body_1_10\" data=\"means_1_10\">五步一楼，</span><span id=\"body_1_11\" data=\"means_1_11\">十步一阁；</span><span id=\"body_1_12\" data=\"means_1_12\"><span class=\"body-zhushi-span\" data=\"&quot;\\u8d70\\u5eca\\u957f\\u800c\\u66f2\\u6298\\u3002\\u5eca\\u8170\\uff0c\\u8fde\\u63a5\\u9ad8\\u5927\\u5efa\\u7b51\\u7269\\u7684\\u8d70\\u5eca\\uff0c\\u597d\\u50cf\\u4eba\\u7684\\u8170\\u90e8\\uff0c\\u6240\\u4ee5\\u8fd9\\u6837\\u8bf4\\u3002\\u7f26\\uff0c\\u8426\\u7ed5\\u3002\\u56de\\uff0c\\u66f2\\u6298\\u3002&quot;\" style=\"border-bottom: 1px solid rgb(38, 115, 219); cursor: pointer;\">廊腰缦回</span>，</span><span id=\"body_1_13\" data=\"means_1_13\"><span class=\"body-zhushi-span\" data=\"&quot;\\uff08\\u7a81\\u8d77\\u7684\\uff09\\u5c4b\\u6a90\\uff08\\u50cf\\u9e1f\\u5634\\uff09\\u5411\\u4e0a\\u6485\\u8d77\\u3002\\u6a90\\u7259\\uff0c\\u5c4b\\u6a90\\u7a81\\u8d77\\uff0c\\u72b9\\u5982\\u7259\\u9f7f\\u3002&quot;\" style=\"border-bottom: 1px solid rgb(38, 115, 219); cursor: pointer;\">檐牙高啄</span>；</span><span id=\"body_1_14\" data=\"means_1_14\"><span class=\"body-zhushi-span\" data=\"&quot;\\u5404\\u968f\\u5730\\u5f62\\u3002\\u8fd9\\u662f\\u5199\\u697c\\u9601\\u5404\\u968f\\u5730\\u52bf\\u7684\\u9ad8\\u4e0b\\u5411\\u80cc\\u800c\\u5efa\\u7b51\\u7684\\u72b6\\u6001\\u3002&quot;\" style=\"border-bottom: 1px solid rgb(38, 115, 219); cursor: pointer;\">各抱地势</span>，</span><span id=\"body_1_15\" data=\"means_1_15\"><span class=\"body-zhushi-span\" data=\"&quot;\\u6307\\u5bab\\u5ba4\\u7ed3\\u6784\\u7684\\u53c2\\u5dee\\u9519\\u843d\\uff0c\\u7cbe\\u5de7\\u5de5\\u81f4\\u3002\\u94a9\\u5fc3\\uff0c\\u6307\\u5404\\u79cd\\u5efa\\u7b51\\u7269\\u90fd\\u5411\\u4e2d\\u5fc3\\u533a\\u6512\\u805a\\u3002\\u6597\\u89d2\\uff0c\\u6307\\u5c4b\\u89d2\\u4e92\\u76f8\\u5bf9\\u5cd9\\u3002\\u5982\\u4eca\\u6307\\u5404\\u81ea\\u7528\\u5c3d\\u5fc3\\u673a\\u4e92\\u76f8\\u6392\\u6324\\u3002&quot;\" style=\"border-bottom: 1px solid rgb(38, 115, 219); cursor: pointer;\">钩心斗角</span>。</span><span id=\"body_1_16\" data=\"means_1_16\">盘盘焉，</span><span id=\"body_1_17\" data=\"means_1_17\">囷囷焉，</span><span id=\"body_1_18\" data=\"means_1_18\">蜂房水涡，</span><span id=\"body_1_19\" data=\"means_1_19\"><span class=\"body-zhushi-span\" data=\"&quot;\\u77d7\\u7acb\\u7740\\u4e0d\\u77e5\\u5b83\\u4eec\\u6709\\u51e0\\u5343\\u4e07\\u5ea7\\u3002\\u77d7\\uff0c\\u5f62\\u5bb9\\u5efa\\u7b51\\u7269\\u9ad8\\u9ad8\\u8038\\u7acb\\u7684\\u6837\\u5b50\\u3002\\u4e0b\\u6587\\u201c\\u6773\\u4e0d\\u77e5\\u5176\\u6240\\u4e4b\\u4e5f\\u201d\\u7684\\u201c\\u6773\\u201d\\uff0c\\u7528\\u6cd5\\u4e0e\\u6b64\\u76f8\\u540c\\u3002\\u843d\\uff0c\\u76f8\\u5f53\\u4e8e\\u201c\\u5ea7\\u201d\\u6216\\u8005\\u201c\\u6240\\u201d\\u3002&quot;\" style=\"border-bottom: 1px solid rgb(38, 115, 219); cursor: pointer;\">矗不知其几千万落</span>！</span><span id=\"body_1_20\" data=\"means_1_20\">长桥卧波，</span><span id=\"body_1_21\" data=\"means_1_21\">未云何龙？</span><span id=\"body_1_22\" data=\"means_1_22\"><span class=\"body-zhushi-span\" data=\"&quot;\\u5728\\u697c\\u9601\\u4e4b\\u95f4\\u67b6\\u6728\\u7b51\\u6210\\u7684\\u901a\\u9053\\u3002\\u56e0\\u4e0a\\u4e0b\\u90fd\\u6709\\u901a\\u9053\\uff0c\\u53eb\\u505a\\u590d\\u9053\\u3002\\u9701\\uff1a\\u96e8\\u540e\\u5929\\u6674&quot;\" style=\"border-bottom: 1px solid rgb(38, 115, 219); cursor: pointer;\">复道</span>行空，</span><span id=\"body_1_23\" data=\"means_1_23\">不霁何虹？</span><span id=\"body_1_24\" data=\"means_1_24\">高低<span class=\"body-zhushi-span\" data=\"&quot;\\u5206\\u8fa8\\u4e0d\\u6e05\\u3002&quot;\" style=\"border-bottom: 1px solid rgb(38, 115, 219); cursor: pointer;\">冥迷</span>，</span><span id=\"body_1_25\" data=\"means_1_25\">不知西东。</span><span id=\"body_1_26\" data=\"means_1_26\">歌台暖响，</span><span id=\"body_1_27\" data=\"means_1_27\">春光融融；</span><span id=\"body_1_28\" data=\"means_1_28\">舞殿冷袖，</span><span id=\"body_1_29\" data=\"means_1_29\">风雨凄凄。</span><span id=\"body_1_30\" data=\"means_1_30\">一日之内，</span><span id=\"body_1_31\" data=\"means_1_31\">一宫之间，</span><span id=\"body_1_32\" data=\"means_1_32\">而气候不齐。</span></p><p class=\"poem-detail-main-text\" id=\"body_p\" style=\"font-size: 15px; line-height: 25px; font-family: Arial, sans-serif; white-space: normal;\"><span id=\"body_2_0\" data=\"means_2_0\"><span class=\"body-zhushi-span\" data=\"&quot;\\u7edf\\u6307\\u516d\\u56fd\\u738b\\u4faf\\u7684\\u5bab\\u5983\\u3002\\u5979\\u4eec\\u5404\\u6709\\u7b49\\u7ea7\\uff08\\u5983\\u7684\\u7b49\\u7ea7\\u6bd4\\u5ad4\\u3001\\u5af1\\u9ad8\\uff09\\u3002\\u5ab5\\u662f\\u966a\\u5ac1\\u7684\\u4f8d\\u5973\\uff0c\\u4e5f\\u53ef\\u6210\\u4e3a\\u5ad4\\u3001\\u5af1\\u3002\\u4e0b\\u6587\\u7684\\u201c\\u738b\\u5b50\\u7687\\u5b59\\u201d\\u6307\\u516d\\u56fd\\u738b\\u4faf\\u7684\\u5973\\u513f\\uff0c\\u5b59\\u5973\\u3002&quot;\" style=\"border-bottom: 1px solid rgb(38, 115, 219); cursor: pointer;\">妃嫔媵嫱</span>，</span><span id=\"body_2_1\" data=\"means_2_1\">王子皇孙，</span><span id=\"body_2_2\" data=\"means_2_2\">辞楼下殿，</span><span id=\"body_2_3\" data=\"means_2_3\">辇来于秦，</span><span id=\"body_2_4\" data=\"means_2_4\">朝歌夜弦，</span><span id=\"body_2_5\" data=\"means_2_5\">为秦宫人。</span><span id=\"body_2_6\" data=\"means_2_6\">明星荧荧，</span><span id=\"body_2_7\" data=\"means_2_7\">开妆镜也；</span><span id=\"body_2_8\" data=\"means_2_8\">绿云扰扰，</span><span id=\"body_2_9\" data=\"means_2_9\">梳晓鬟也；</span><span id=\"body_2_10\" data=\"means_2_10\">渭流<span class=\"body-zhushi-span\" data=\"&quot;\\u6da8\\u8d77\\u4e86\\uff08\\u4e00\\u5c42\\uff09\\u8102\\u818f\\uff08\\u542b\\u6709\\u80ed\\u8102\\u3001\\u9999\\u7c89\\u7684\\u6d17\\u8138\\u7684\\u201c\\u8102\\u6c34\\u201d\\uff09\\u3002&quot;\" style=\"border-bottom: 1px solid rgb(38, 115, 219); cursor: pointer;\">涨腻</span>，</span><span id=\"body_2_11\" data=\"means_2_11\">弃脂水也；</span><span id=\"body_2_12\" data=\"means_2_12\">烟斜雾横，</span><span id=\"body_2_13\" data=\"means_2_13\">焚<span class=\"body-zhushi-span\" data=\"&quot;\\u4e24\\u79cd\\u9999\\u6599\\u690d\\u7269\\uff0c\\u711a\\u70e7\\u4ee5\\u718f\\u8863\\u7269\\u3002&quot;\" style=\"border-bottom: 1px solid rgb(38, 115, 219); cursor: pointer;\">椒兰</span>也。</span><span id=\"body_2_14\" data=\"means_2_14\">雷霆乍惊，</span><span id=\"body_2_15\" data=\"means_2_15\">宫车过也；</span><span id=\"body_2_16\" data=\"means_2_16\"><span class=\"body-zhushi-span\" data=\"&quot;\\u8f66\\u58f0\\u8d8a\\u542c\\u8d8a\\u8fdc\\u3002\\u8f98\\u8f98\\uff0c\\u8f66\\u884c\\u7684\\u58f0\\u97f3\\u3002&quot;\" style=\"border-bottom: 1px solid rgb(38, 115, 219); cursor: pointer;\">辘辘远听</span>，</span><span id=\"body_2_17\" data=\"means_2_17\"><span class=\"body-zhushi-span\" data=\"&quot;\\u9065\\u8fdc\\u5f97\\u8e2a\\u8ff9\\u5168\\u65e0\\u3002&quot;\" style=\"border-bottom: 1px solid rgb(38, 115, 219); cursor: pointer;\">杳</span>不知其所之也。</span><span id=\"body_2_18\" data=\"means_2_18\">一肌一容，</span><span id=\"body_2_19\" data=\"means_2_19\">尽态极妍，</span><span id=\"body_2_20\" data=\"means_2_20\"><span class=\"body-zhushi-span\" data=\"&quot;\\u4e45\\u7acb\\u3002\\u7f26\\uff0c\\u901a\\u201c\\u6162\\u201d&quot;\" style=\"border-bottom: 1px solid rgb(38, 115, 219); cursor: pointer;\">缦立</span>远视，</span><span id=\"body_2_21\" data=\"means_2_21\">而望<span class=\"body-zhushi-span\" data=\"&quot;\\u5c01\\u5efa\\u65f6\\u4ee3\\u7687\\u5e1d\\u5230\\u67d0\\u5904\\uff0c\\u53eb\\u201c\\u5e78\\u201d\\u3002\\u5983\\uff0c\\u5ad4\\u53d7\\u7687\\u5e1d\\u5ba0\\u7231\\uff0c\\u53eb\\u201c\\u5f97\\u5e78\\u201d\\u3002&quot;\" style=\"border-bottom: 1px solid rgb(38, 115, 219); cursor: pointer;\">幸</span>焉；</span><span id=\"body_2_22\" data=\"means_2_22\">有不得见者，</span><span id=\"body_2_23\" data=\"means_2_23\"><span class=\"body-zhushi-span\" data=\"&quot;\\u79e6\\u59cb\\u7687\\u5728\\u4f4d\\u5171\\u4e09\\u5341\\u516d\\u5e74\\u3002\\u6309\\u79e6\\u59cb\\u7687\\u4e8c\\u5341\\u516d\\u5e74\\uff08\\u524d221\\u5e74\\uff09\\u7edf\\u4e00\\u4e2d\\u56fd\\uff0c\\u5230\\u4e09\\u5341\\u4e03\\u5e74\\uff08\\u524d209\\u5e74\\uff09\\u6b7b\\uff0c\\u505a\\u4e86\\u5341\\u4e8c\\u5e74\\u7687\\u5e1d\\uff0c\\u8fd9\\u91cc\\u8bf4\\u4e09\\u5341\\u516d\\u5e74\\uff0c\\u6307\\u5176\\u5728\\u4f4d\\u5e74\\u6570\\uff0c\\u5f62\\u5bb9\\u963f\\u623f\\u5bab\\u5f88\\u5927\\uff0c\\u670936\\u5e74\\u90fd\\u6ca1\\u6709\\u89c1\\u5230\\u7687\\u5e1d\\u7684\\u5bab\\u5973\\u3002&quot;\" style=\"border-bottom: 1px solid rgb(38, 115, 219); cursor: pointer;\">三十六年</span>。</span></p><p class=\"poem-detail-main-text\" id=\"body_p\" style=\"font-size: 15px; line-height: 25px; font-family: Arial, sans-serif; white-space: normal;\"><span id=\"body_3_0\" data=\"means_3_0\">燕、</span><span id=\"body_3_1\" data=\"means_3_1\">赵之<span class=\"body-zhushi-span\" data=\"&quot;\\u6307\\u6536\\u85cf\\u7684\\u91d1\\u7389\\u73cd\\u5b9d\\u7b49\\u7269\\u3002\\u4e0b\\u6587\\u7684\\u201c\\u7ecf\\u8425\\u201d\\u4e5f\\u6307\\u91d1\\u7389\\u73cd\\u5b9d\\u7b49\\u7269\\u3002\\u201c\\u7cbe\\u82f1\\u201d\\uff0c\\u5f62\\u5bb9\\u8bcd\\u4f5c\\u540d\\u8bcd\\uff0c\\u7cbe\\u54c1\\uff0c\\u4e5f\\u6709\\u91d1\\u7389\\u73cd\\u5b9d\\u7b49\\u7269\\u7684\\u610f\\u601d\\u3002&quot;\" style=\"border-bottom: 1px solid rgb(38, 115, 219); cursor: pointer;\">收藏</span>，</span><span id=\"body_3_2\" data=\"means_3_2\">韩、</span><span id=\"body_3_3\" data=\"means_3_3\">魏之经营，</span><span id=\"body_3_4\" data=\"means_3_4\">齐、</span><span id=\"body_3_5\" data=\"means_3_5\">楚之精英，</span><span id=\"body_3_6\" data=\"means_3_6\">几世几年，</span><span id=\"body_3_7\" data=\"means_3_7\"><span class=\"body-zhushi-span\" data=\"&quot;\\u4ece\\u4eba\\u6c11\\u90a3\\u91cc\\u62a2\\u6765\\u3002\\u647d \\uff0c\\u62a2\\u52ab\\uff0c\\u63a0\\u593a\\u3002\\u4eba\\uff0c\\u6c11\\u3002\\u5510\\u907f\\u5510\\u592a\\u5b97\\u674e\\u4e16\\u6c11\\u8bb3\\uff0c\\u6539\\u6c11\\u4e3a\\u4eba\\u3002\\u4e0b\\u6587\\u201c\\u4eba\\u4ea6\\u5ff5\\u5176\\u5bb6\\u201d\\u201c\\u516d\\u56fd\\u5404\\u7231\\u5176\\u4eba\\u201d\\u201c\\u79e6\\u590d\\u7231\\u516d\\u56fd\\u4e4b\\u4eba\\u201d\\u7684\\u201c\\u4eba\\u201d\\uff0c\\u4e0e\\u6b64\\u76f8\\u540c\\u3002&quot;\" style=\"border-bottom: 1px solid rgb(38, 115, 219); cursor: pointer;\">剽掠其人</span>，</span><span id=\"body_3_8\" data=\"means_3_8\"><span class=\"body-zhushi-span\" data=\"&quot;\\u79ef\\u7d2f\\u3002&quot;\" style=\"border-bottom: 1px solid rgb(38, 115, 219); cursor: pointer;\">倚叠</span>如山。</span><span id=\"body_3_9\" data=\"means_3_9\">一旦不能有，</span><span id=\"body_3_10\" data=\"means_3_10\">输来其间。</span><span id=\"body_3_11\" data=\"means_3_11\">鼎铛玉石，</span><span id=\"body_3_12\" data=\"means_3_12\">金块珠砾，</span><span id=\"body_3_13\" data=\"means_3_13\">弃掷<span class=\"body-zhushi-span\" data=\"&quot;\\u8fde\\u7eed\\u4e0d\\u65ad\\u3002\\u8fd9\\u91cc\\u6709\\u201c\\u8fde\\u63a5\\u7740\\u201d\\u3001\\u201c\\u5230\\u5904\\u90fd\\u662f\\u201d\\u7684\\u610f\\u601d\\u3002&quot;\" style=\"border-bottom: 1px solid rgb(38, 115, 219); cursor: pointer;\">逦迤</span>，</span><span id=\"body_3_14\" data=\"means_3_14\">秦人视之，</span><span id=\"body_3_15\" data=\"means_3_15\">亦不甚惜。</span></p><p class=\"poem-detail-main-text\" id=\"body_p\" style=\"font-size: 15px; line-height: 25px; font-family: Arial, sans-serif; white-space: normal;\"><span id=\"body_4_0\" data=\"means_4_0\">嗟乎！</span><span id=\"body_4_1\" data=\"means_4_1\">一人之心，</span><span id=\"body_4_2\" data=\"means_4_2\">千万人之心也。</span><span id=\"body_4_3\" data=\"means_4_3\">秦爱纷奢，</span><span id=\"body_4_4\" data=\"means_4_4\">人亦念其家；</span><span id=\"body_4_5\" data=\"means_4_5\"><span class=\"body-zhushi-span\" data=\"&quot;\\u600e\\u4e48\\uff0c\\u4e3a\\u4ec0\\u4e48\\u3002&quot;\" style=\"border-bottom: 1px solid rgb(38, 115, 219); cursor: pointer;\">奈何</span>取之尽<span class=\"body-zhushi-span\" data=\"&quot;\\u53e4\\u4ee3\\u91cd\\u91cf\\u540d\\uff0c\\u4e00\\u9531\\u7b49\\u4e8e\\u516d\\u94e2\\uff0c\\u4e00\\u94e2\\u7ea6\\u7b49\\u4e8e\\u540e\\u6765\\u7684\\u4e00\\u4e24\\u7684\\u4e8c\\u5341\\u56db\\u5206\\u4e4b\\u4e00\\u3002\\u9531\\u3001\\u94e2\\u8fde\\u7528\\uff0c\\u6781\\u8a00\\u5176\\u7ec6\\u5fae\\u3002&quot;\" style=\"border-bottom: 1px solid rgb(38, 115, 219); cursor: pointer;\">锱铢</span>，</span><span id=\"body_4_6\" data=\"means_4_6\">用之如泥沙？</span><span id=\"body_4_7\" data=\"means_4_7\"><span class=\"body-zhushi-span\" data=\"&quot;\\u5047\\u4f7f\\u3002&quot;\" style=\"border-bottom: 1px solid rgb(38, 115, 219); cursor: pointer;\">使</span><span class=\"body-zhushi-span\" data=\"&quot;\\u627f\\u62c5\\u680b\\u6881\\u7684\\u67f1\\u5b50\\u3002&quot;\" style=\"border-bottom: 1px solid rgb(38, 115, 219); cursor: pointer;\">负栋之柱</span>，</span><span id=\"body_4_8\" data=\"means_4_8\">多于南亩之农夫；</span><span id=\"body_4_9\" data=\"means_4_9\">架梁之椽，</span><span id=\"body_4_10\" data=\"means_4_10\">多于机上之工女；</span><span id=\"body_4_11\" data=\"means_4_11\">钉头<span class=\"body-zhushi-span\" data=\"&quot;\\u6c34\\u4e2d\\u77f3\\u5934\\u7a81\\u7acb\\u7684\\u6837\\u5b50\\u3002\\u8fd9\\u91cc\\u5f62\\u5bb9\\u7a81\\u51fa\\u7684\\u9489\\u5934\\u3002&quot;\" style=\"border-bottom: 1px solid rgb(38, 115, 219); cursor: pointer;\">磷磷</span>，</span><span id=\"body_4_12\" data=\"means_4_12\">多于在<span class=\"body-zhushi-span\" data=\"&quot;\\u9732\\u5929\\u7684\\u8c37\\u4ed3\\u3002&quot;\" style=\"border-bottom: 1px solid rgb(38, 115, 219); cursor: pointer;\">庾</span>之粟粒；</span><span id=\"body_4_13\" data=\"means_4_13\">瓦缝参差，</span><span id=\"body_4_14\" data=\"means_4_14\">多于周身之帛缕；</span><span id=\"body_4_15\" data=\"means_4_15\">直栏横槛，</span><span id=\"body_4_16\" data=\"means_4_16\">多于<span class=\"body-zhushi-span\" data=\"&quot;\\u4e5d\\u5dde\\u3002&quot;\" style=\"border-bottom: 1px solid rgb(38, 115, 219); cursor: pointer;\">九土</span>之城郭；</span><span id=\"body_4_17\" data=\"means_4_17\">管弦呕哑，</span><span id=\"body_4_18\" data=\"means_4_18\">多于市人之言语。</span><span id=\"body_4_19\" data=\"means_4_19\">使天下之人，</span><span id=\"body_4_20\" data=\"means_4_20\">不敢言而敢怒；</span><span id=\"body_4_21\" data=\"means_4_21\"><span class=\"body-zhushi-span\" data=\"&quot;\\u5931\\u53bb\\u4eba\\u5fc3\\u800c\\u6781\\u7aef\\u5b64\\u7acb\\u7684\\u7edf\\u6cbb\\u8005\\u3002\\u8fd9\\u91cc\\u6307\\u79e6\\u59cb\\u7687\\u3002&quot;\" style=\"border-bottom: 1px solid rgb(38, 115, 219); cursor: pointer;\">独夫</span>之心，</span><span id=\"body_4_22\" data=\"means_4_22\">日益骄<span class=\"body-zhushi-span\" data=\"&quot;\\u987d\\u56fa\\u3002&quot;\" style=\"border-bottom: 1px solid rgb(38, 115, 219); cursor: pointer;\">固</span>。</span><span id=\"body_4_23\" data=\"means_4_23\"><span class=\"body-zhushi-span\" data=\"&quot;\\u6307\\u9648\\u80dc\\u3001\\u5434\\u5e7f\\u8d77\\u4e49\\u3002&quot;\" style=\"border-bottom: 1px solid rgb(38, 115, 219); cursor: pointer;\">戍卒叫</span>，</span><span id=\"body_4_24\" data=\"means_4_24\"><span class=\"body-zhushi-span\" data=\"&quot;\\u5218\\u90a6\\u4e8e\\u516c\\u5143\\u524d206\\u5e74\\u7387\\u519b\\u5148\\u5165\\u54b8\\u9633\\uff0c\\u63a8\\u7ffb\\u79e6\\u671d\\u7edf\\u6cbb\\uff0c\\u5e76\\u6d3e\\u5175\\u5b88\\u51fd\\u8c37\\u5173\\u3002\\u4e3e\\uff0c\\u88ab\\u653b\\u5360\\u3002&quot;\" style=\"border-bottom: 1px solid rgb(38, 115, 219); cursor: pointer;\">函谷举</span>；</span><span id=\"body_4_25\" data=\"means_4_25\"><span class=\"body-zhushi-span\" data=\"&quot;\\u6307\\u9879\\u7fbd\\uff08\\u695a\\u5c06\\u9879\\u71d5\\u7684\\u540e\\u4ee3\\uff09\\u4e5f\\u4e8e\\u516c\\u5143\\u524d206\\u5e74\\u5165\\u54b8\\u9633\\uff0c\\u5e76\\u711a\\u70e7\\u79e6\\u7684\\u5bab\\u6bbf\\uff0c\\u5927\\u706b\\u4e09\\u6708\\u4e0d\\u706d\\u3002&quot;\" style=\"border-bottom: 1px solid rgb(38, 115, 219); cursor: pointer;\">楚人一炬</span>，</span><span id=\"body_4_26\" data=\"means_4_26\">可怜焦土。</span></p><p class=\"poem-detail-main-text\" id=\"body_p\" style=\"font-size: 15px; line-height: 25px; font-family: Arial, sans-serif; white-space: normal;\"><span id=\"body_5_0\" data=\"means_5_0\">呜呼！</span><span id=\"body_5_1\" data=\"means_5_1\">灭六国者，</span><span id=\"body_5_2\" data=\"means_5_2\">六国也，</span><span id=\"body_5_3\" data=\"means_5_3\">非秦也。</span><span id=\"body_5_4\" data=\"means_5_4\"><span class=\"body-zhushi-span\" data=\"&quot;\\u4f7f...\\u706d\\u65cf\\u3002&quot;\" style=\"border-bottom: 1px solid rgb(38, 115, 219); cursor: pointer;\">族</span>秦者，</span><span id=\"body_5_5\" data=\"means_5_5\">秦也，</span><span id=\"body_5_6\" data=\"means_5_6\">非天下也。</span><span id=\"body_5_7\" data=\"means_5_7\">嗟乎！</span><span id=\"body_5_8\" data=\"means_5_8\">使六国各爱其人，</span><span id=\"body_5_9\" data=\"means_5_9\">则足以拒秦；</span><span id=\"body_5_10\" data=\"means_5_10\">使秦复爱六国之人，</span><span id=\"body_5_11\" data=\"means_5_11\">则<span class=\"body-zhushi-span\" data=\"&quot;\\u4f20\\u9012\\uff0c\\u8fd9\\u91cc\\u6307\\u738b\\u4f4d\\u987a\\u7740\\u6b21\\u5e8f\\u4f20\\u4e0b\\u53bb\\u3002&quot;\" style=\"border-bottom: 1px solid rgb(38, 115, 219); cursor: pointer;\">递</span>三世可至<span class=\"body-zhushi-span\" data=\"&quot;\\u300a\\u53f2\\u8bb0\\u00b7\\u79e6\\u59cb\\u7687\\u672c\\u7eaa\\u300b\\u8f7d\\uff1a\\u79e6\\u59cb\\u7687\\u7edf\\u4e00\\u516d\\u56fd\\u540e\\uff0c\\u201c\\u4e0b\\u8bcf\\u66f0\\uff1a\\u201c\\u6715\\u4e3a\\u59cb\\u7687\\u5e1d\\uff0c\\u540e\\u4e16\\u4ee5\\u8ba1\\u6570\\uff0c\\u4e8c\\u4e16\\uff0c\\u4e09\\u4e16\\u81f3\\u4e8e\\u4e07\\u4e16\\uff0c\\u4f20\\u4e4b\\u65e0\\u7a77\\u3002\\u201d\\u7136\\u800c\\u79e6\\u671d\\u4ec5\\u4f20\\u4e8c\\u4e16\\u4fbf\\u4ea1\\u3002&quot;\" style=\"border-bottom: 1px solid rgb(38, 115, 219); cursor: pointer;\">万世</span>而为君，</span><span id=\"body_5_12\" data=\"means_5_12\">谁得而族灭也？</span><span id=\"body_5_13\" data=\"means_5_13\">秦人<span class=\"body-zhushi-span\" data=\"&quot;\\u6765\\u4e0d\\u53ca\\u3002&quot;\" style=\"border-bottom: 1px solid rgb(38, 115, 219); cursor: pointer;\">不暇</span>自<span class=\"body-zhushi-span\" data=\"&quot;\\u54c0\\u53f9\\u3002&quot;\" style=\"border-bottom: 1px solid rgb(38, 115, 219); cursor: pointer;\">哀</span>，</span><span id=\"body_5_14\" data=\"means_5_14\">而后人哀之；</span><span id=\"body_5_15\" data=\"means_5_15\">后人哀之而不鉴之，</span><span id=\"body_5_16\" data=\"means_5_16\">亦使后人而复哀后人也</span></p><p><font size=\"4\">\n							</font><br></p>','2018-11-15',11,NULL,3,NULL,NULL),(113,'静夜思','<p><font size=\"4\"><img src=\"http://img.baidu.com/hi/jx2/j_0025.gif\" _src=\"http://img.baidu.com/hi/jx2/j_0025.gif\"></font></p><p><font size=\"4\">\n 床前明月光</font></p><p><font size=\"4\"><img src=\"http://img.baidu.com/hi/jx2/j_0059.gif\" _src=\"http://img.baidu.com/hi/jx2/j_0059.gif\"></font></p><p><font size=\"4\">疑是地上霜</font></p><p><font size=\"4\"><img src=\"http://img.baidu.com/hi/jx2/j_0081.gif\" _src=\"http://img.baidu.com/hi/jx2/j_0081.gif\"></font></p><p><font size=\"4\">举头望明月</font></p><p><font size=\"4\">低头思故乡</font></p><p><font size=\"4\"><img src=\"http://localhost:1001/umeditor/jsp/upload/20181115/54151542295647349.jpg\" _src=\"http://localhost:1001/umeditor/jsp/upload/20181115/54151542295647349.jpg\"></font></p>','2018-11-15',18,NULL,2,'coverimg/uploads/sliver20181115232947625.jpg',NULL),(114,'312321','<p>\n &nbsp; &nbsp;							游记内容！\n							</p>','2018-11-16',19,NULL,2,'coverimg/uploads/sliver20181116012206583.jpg',NULL);

/*Table structure for table `travelcommon` */

DROP TABLE IF EXISTS `travelcommon`;

CREATE TABLE `travelcommon` (
  `id` int(11) NOT NULL AUTO_INCREMENT COMMENT '主键',
  `userid` int(11) DEFAULT NULL COMMENT '用户表id',
  `travelid` int(11) DEFAULT NULL COMMENT '游记表id',
  `content` text COMMENT '评论内容',
  PRIMARY KEY (`id`),
  KEY `userid` (`userid`),
  KEY `travelid` (`travelid`),
  CONSTRAINT `travelcommon_ibfk_1` FOREIGN KEY (`userid`) REFERENCES `user` (`id`),
  CONSTRAINT `travelcommon_ibfk_2` FOREIGN KEY (`travelid`) REFERENCES `travel` (`id`)
) ENGINE=InnoDB DEFAULT CHARSET=utf8;

/*Data for the table `travelcommon` */

/*Table structure for table `travellike` */

DROP TABLE IF EXISTS `travellike`;

CREATE TABLE `travellike` (
  `id` int(11) NOT NULL AUTO_INCREMENT COMMENT '主键',
  `userid` int(11) DEFAULT NULL COMMENT '用户表id',
  `travelid` int(11) DEFAULT NULL COMMENT '游记表id',
  `likenum` int(11) DEFAULT NULL COMMENT '点赞数量(这个字段并没有实际意义)',
  PRIMARY KEY (`id`),
  KEY `userid` (`userid`),
  KEY `travelid` (`travelid`),
  CONSTRAINT `travellike_ibfk_1` FOREIGN KEY (`userid`) REFERENCES `user` (`id`),
  CONSTRAINT `travellike_ibfk_2` FOREIGN KEY (`travelid`) REFERENCES `travel` (`id`)
) ENGINE=InnoDB AUTO_INCREMENT=116 DEFAULT CHARSET=utf8;

/*Data for the table `travellike` */

insert  into `travellike`(`id`,`userid`,`travelid`,`likenum`) values (66,2,97,1),(67,2,96,1),(68,2,95,1),(69,1,96,1),(70,1,93,1),(71,1,92,1),(72,1,94,1),(73,1,95,1),(74,1,85,1),(75,1,97,1),(76,1,91,1),(77,1,88,1),(78,1,86,1),(79,1,84,1),(80,2,93,1),(81,2,94,1),(82,2,92,1),(83,2,91,1),(84,11,103,1),(85,11,101,1),(86,11,100,1),(87,11,99,1),(88,11,98,1),(89,1,103,1),(90,1,101,1),(91,1,100,1),(92,1,99,1),(93,1,98,1),(94,2,103,1),(95,2,101,1),(96,2,100,1),(97,2,99,1),(98,2,98,1),(100,11,97,1),(101,11,96,1),(102,18,103,1),(103,18,92,1),(104,18,95,1),(105,18,111,1),(106,18,113,1),(107,18,99,1),(108,18,85,1),(109,18,86,1),(110,19,85,1),(111,19,86,1),(112,19,90,1),(113,1,114,1),(114,1,114,1),(115,1,111,1);

/*Table structure for table `user` */

DROP TABLE IF EXISTS `user`;

CREATE TABLE `user` (
  `id` int(11) NOT NULL AUTO_INCREMENT COMMENT '主键编号',
  `username` varchar(20) DEFAULT NULL COMMENT '用户名',
  `userpass` varchar(20) DEFAULT NULL COMMENT '用户密码',
  `realname` varchar(20) DEFAULT NULL COMMENT '真实姓名',
  `iphone` varchar(20) NOT NULL COMMENT '手机号码',
  `email` varchar(50) DEFAULT NULL COMMENT '电子邮箱',
  `headportrait` varchar(50) DEFAULT NULL COMMENT '头像',
  `marriage` varbinary(11) DEFAULT NULL COMMENT '婚姻状况',
  `jobId` int(11) DEFAULT NULL COMMENT '职业',
  `birthday` date DEFAULT NULL COMMENT '出生日期',
  `sex` varchar(11) DEFAULT NULL COMMENT '性别',
  `addressId` int(11) DEFAULT NULL COMMENT '地址',
  `type` int(11) DEFAULT '0' COMMENT '状态(0.正常,1,删除,2.停用,3.注销)',
  `money` double DEFAULT '0' COMMENT '账户余额',
  `integral` int(11) DEFAULT '0' COMMENT '用户积分',
  `paymentCode` int(11) DEFAULT NULL COMMENT '支付密码',
  `logoutWhy` varchar(60) DEFAULT NULL COMMENT '注销原因',
  `registerDate` datetime DEFAULT NULL COMMENT '注册时间',
  `lastLoginDate` datetime DEFAULT NULL COMMENT '上次登陆时间',
  `thisLoginDate` datetime DEFAULT NULL COMMENT '本次登陆时间',
  `disposable` int(11) DEFAULT '0' COMMENT '修改用户名，只允许修改一次',
  `emailCode` varchar(11) DEFAULT NULL COMMENT '邮箱找回密码时的状态码',
  PRIMARY KEY (`id`),
  KEY `addressId` (`addressId`)
) ENGINE=InnoDB AUTO_INCREMENT=20 DEFAULT CHARSET=utf8 COMMENT='用户信息表';

/*Data for the table `user` */

insert  into `user`(`id`,`username`,`userpass`,`realname`,`iphone`,`email`,`headportrait`,`marriage`,`jobId`,`birthday`,`sex`,`addressId`,`type`,`money`,`integral`,`paymentCode`,`logoutWhy`,`registerDate`,`lastLoginDate`,`thisLoginDate`,`disposable`,`emailCode`) values (1,'shijie','shijie1214','123','18607461378','1209237719@qq.com','123','已婚',4,'2007-06-01','女',46,0,4025,2872,123456,'不想收到驴妈妈短信',NULL,NULL,NULL,1,NULL),(2,'pwk','pwk','pwk','13800340464','2226558306@qq.com','123','已婚',2,'1995-01-17','男',1,0,100,0,NULL,NULL,NULL,NULL,NULL,1,NULL),(4,'18680383029','111111',NULL,'18680383022',NULL,NULL,NULL,NULL,NULL,NULL,NULL,1,0,0,NULL,NULL,NULL,NULL,NULL,0,NULL),(5,'qxl','dyl0205520','qxl','18603063314','3464372286@qq.com','123',NULL,NULL,'2000-09-23','女',NULL,0,0,0,NULL,NULL,NULL,NULL,NULL,0,NULL),(6,'xqs','0205','xqs','18682300364','3240535971@qq.com','123',NULL,NULL,'2000-09-23','男',NULL,0,0,0,NULL,NULL,NULL,NULL,NULL,0,NULL),(7,'wx','1107','wx','18207062718','3464372285@qq.com','123',NULL,NULL,'2014-11-07','男',NULL,0,9601,39,123456,NULL,NULL,NULL,NULL,0,NULL),(8,'zql','0203','zql','18523566465','2456347785@qq.com','123',NULL,NULL,'1999-11-09','男',NULL,0,0,0,NULL,NULL,NULL,NULL,NULL,0,NULL),(11,'大哥大','123',NULL,'18680383024',NULL,NULL,NULL,NULL,'2018-11-12',NULL,NULL,1,0,0,NULL,NULL,NULL,NULL,NULL,0,NULL),(16,'3920098324','shijie1214',NULL,'18607461346',NULL,NULL,NULL,NULL,NULL,NULL,NULL,1,0,0,NULL,NULL,NULL,NULL,NULL,0,NULL),(17,'123','123','石杰2','18680383029','2740638316@qq.com',NULL,'未婚',1,'2018-01-01','男',1,2,0,0,123456,NULL,NULL,NULL,NULL,1,NULL),(18,'yyp','qwe123456789','yyp','18229882941','7078757@qq.com',NULL,'未婚',1,'2018-02-28','男',37,0,9315,3000,123123,NULL,NULL,NULL,NULL,1,NULL),(19,'0796026471','shijie1214',NULL,'18607461379',NULL,NULL,NULL,NULL,NULL,NULL,NULL,1,5000,0,123456,NULL,NULL,NULL,NULL,0,NULL);

/*Table structure for table `userrecord` */

DROP TABLE IF EXISTS `userrecord`;

CREATE TABLE `userrecord` (
  `id` int(11) NOT NULL AUTO_INCREMENT COMMENT '主键id',
  `userId` int(11) DEFAULT NULL COMMENT '用户表外键id',
  `operation` int(11) DEFAULT NULL COMMENT '操作类型(0.消费,1.充值,2.退款,3.提现)',
  `operationTime` datetime DEFAULT NULL COMMENT '操作时间',
  `money` double DEFAULT NULL COMMENT '操作金额',
  `indentId` int(11) DEFAULT NULL COMMENT '订单外键id(退款或消费时才有订单外键)',
  `paymentAccount` varchar(20) DEFAULT NULL COMMENT '收款账号(提现时才有)',
  `paymentStatus` int(11) DEFAULT NULL COMMENT '收款状态(0.未到账,1.已到账)',
  PRIMARY KEY (`id`),
  KEY `indentId` (`indentId`),
  KEY `userId` (`userId`),
  CONSTRAINT `userrecord_ibfk_1` FOREIGN KEY (`indentId`) REFERENCES `indent` (`id`),
  CONSTRAINT `userrecord_ibfk_4` FOREIGN KEY (`userId`) REFERENCES `user` (`id`)
) ENGINE=InnoDB AUTO_INCREMENT=42 DEFAULT CHARSET=utf8 COMMENT='用户记录表';

/*Data for the table `userrecord` */

insert  into `userrecord`(`id`,`userId`,`operation`,`operationTime`,`money`,`indentId`,`paymentAccount`,`paymentStatus`) values (1,1,0,'2018-11-09 15:48:32',500,1,NULL,NULL),(2,1,0,'2018-11-09 20:14:45',200,3,NULL,NULL),(3,1,0,'2018-11-09 20:15:49',100,4,NULL,NULL),(5,1,0,'2018-11-09 20:16:05',400,6,NULL,NULL),(6,1,0,'2018-11-08 20:16:15',700,7,NULL,NULL),(7,1,0,'2018-11-07 20:16:24',400,8,NULL,NULL),(8,1,1,'2018-11-09 20:40:25',500,NULL,NULL,NULL),(9,1,1,'2018-11-08 20:40:37',200,NULL,NULL,NULL),(10,1,1,'2018-11-07 20:40:45',800,NULL,NULL,NULL),(11,1,1,'2018-11-09 20:40:57',600,NULL,NULL,NULL),(12,1,1,'2018-11-03 20:41:09',1000,NULL,NULL,NULL),(13,1,1,'2018-11-07 20:41:16',100,NULL,NULL,NULL),(14,1,1,'2018-11-10 17:35:20',100,NULL,NULL,NULL),(15,1,1,'2018-11-10 17:37:51',150,NULL,NULL,NULL),(16,1,3,'2018-11-10 17:39:52',100,NULL,'18607461379',1),(19,1,0,'2018-11-14 16:56:56',17476,NULL,NULL,NULL),(20,1,0,'2018-11-15 00:23:27',2217,NULL,NULL,NULL),(22,1,0,'2018-11-15 17:06:09',5555,NULL,NULL,NULL),(23,1,2,'2018-11-15 17:31:49',1000,1,NULL,NULL),(24,1,0,'2018-11-15 19:25:10',8688,NULL,NULL,NULL),(25,18,1,'2018-11-15 23:33:14',10000,NULL,NULL,NULL),(26,18,1,'2018-11-15 23:34:00',102,NULL,NULL,NULL),(27,18,1,'2018-11-15 23:34:18',213,NULL,NULL,NULL),(28,18,3,'2018-11-15 23:34:48',1000,NULL,'18229882941',1),(29,1,2,'2018-11-16 00:25:46',1000,1,NULL,NULL),(30,19,1,'2018-11-16 00:54:53',5000,NULL,NULL,NULL),(32,1,0,'2018-11-16 01:44:00',99,NULL,NULL,NULL),(33,1,1,'2018-11-16 01:44:38',10000,NULL,NULL,NULL),(34,1,0,'2018-11-16 01:44:44',8688,NULL,NULL,NULL),(35,1,2,'2018-11-16 01:46:37',8688,48,NULL,NULL),(36,1,0,'2018-11-16 01:50:09',6396,NULL,NULL,NULL),(37,1,0,'2018-11-16 02:57:16',6396,NULL,NULL,NULL),(38,1,1,'2018-11-16 02:57:46',10000,NULL,NULL,NULL),(39,1,0,'2018-11-16 02:58:01',6396,NULL,NULL,NULL),(40,7,1,'2018-11-16 12:46:05',10000,NULL,NULL,NULL),(41,7,0,'2018-11-16 12:46:14',399,NULL,NULL,NULL);

/*Table structure for table `userstatus` */

DROP TABLE IF EXISTS `userstatus`;

CREATE TABLE `userstatus` (
  `id` int(11) NOT NULL AUTO_INCREMENT COMMENT '主键',
  `status` int(11) DEFAULT '0' COMMENT '用户状态0.正常 1.删除',
  `loginnumber` int(11) DEFAULT '0' COMMENT '登录次数',
  `resettime` date DEFAULT NULL COMMENT '重置时间',
  `registertime` date DEFAULT NULL COMMENT '注册时间',
  `lastlogintime` date DEFAULT NULL COMMENT '最后登录时间',
  `userid` int(11) unsigned DEFAULT NULL COMMENT '用户表id',
  `lastLoginDate` datetime DEFAULT NULL COMMENT '上次登陆时间',
  `thisLoginDate` datetime DEFAULT NULL COMMENT '本次登陆时间',
  `hair` varchar(200) DEFAULT NULL COMMENT '头像',
  PRIMARY KEY (`id`)
) ENGINE=InnoDB AUTO_INCREMENT=16 DEFAULT CHARSET=utf8;

/*Data for the table `userstatus` */

insert  into `userstatus`(`id`,`status`,`loginnumber`,`resettime`,`registertime`,`lastlogintime`,`userid`,`lastLoginDate`,`thisLoginDate`,`hair`) values (1,NULL,91,NULL,'2018-11-12',NULL,1,'2018-11-20 19:24:18','2018-11-20 19:30:17','imgupload/c1b88b3f-bd2d-4ab2-8ef8-d28bc1593c21.jpg'),(4,0,2,NULL,'2018-11-12',NULL,8,'2018-11-13 21:53:06','2018-11-13 22:03:58','imgupload/default-photo.gif'),(5,0,38,NULL,'2018-11-11',NULL,2,'2018-11-20 19:18:35','2018-11-20 19:21:50','imgupload/default-photo.gif'),(6,0,0,NULL,'2018-11-12',NULL,6,'2018-11-11 22:16:04','2018-11-12 22:16:00','imgupload/default-photo.gif'),(7,0,0,NULL,'2018-11-11',NULL,4,NULL,NULL,'imgupload/default-photo.gif'),(8,0,17,NULL,'2018-11-12',NULL,5,'2018-11-16 14:40:44','2018-11-16 14:48:47','imgupload/default-photo.gif'),(9,0,1,NULL,'2018-11-12',NULL,7,NULL,'2018-11-16 12:44:57','imgupload/default-photo.gif'),(10,0,14,NULL,'2018-11-10',NULL,11,'2018-11-16 00:57:23','2018-11-20 19:18:55','imgupload/default-photo.gif'),(11,0,0,NULL,'2018-11-12',NULL,16,NULL,'2018-11-12 22:19:13','imgupload/default-photo.gif'),(13,0,23,NULL,'2018-11-14',NULL,17,'2018-11-15 22:58:30','2018-11-20 19:21:33','imgupload/59d15883-ef49-4e70-b529-f88dc767e491.png'),(14,0,3,NULL,'2018-11-15',NULL,18,'2018-11-15 23:15:55','2018-11-15 23:18:22','imgupload/a0e9fe8c-da80-4526-9583-139180fb8900.png'),(15,0,1,NULL,'2018-11-16',NULL,19,NULL,'2018-11-16 00:53:18','imgupload/default-photo.gif');

/*!40101 SET SQL_MODE=@OLD_SQL_MODE */;
/*!40014 SET FOREIGN_KEY_CHECKS=@OLD_FOREIGN_KEY_CHECKS */;
/*!40014 SET UNIQUE_CHECKS=@OLD_UNIQUE_CHECKS */;
/*!40111 SET SQL_NOTES=@OLD_SQL_NOTES */;
