<?xml version="1.0" encoding="UTF-8"?>
<beans xmlns="http://www.springframework.org/schema/beans"
       xmlns:xsi="http://www.w3.org/2001/XMLSchema-instance"
       xmlns:context="http://www.springframework.org/schema/context"
       xmlns:aop="http://www.springframework.org/schema/aop"
       xmlns:tx="http://www.springframework.org/schema/tx"
       xsi:schemaLocation="http://www.springframework.org/schema/beans http://www.springframework.org/schema/beans/spring-beans.xsd
		http://www.springframework.org/schema/context http://www.springframework.org/schema/context/spring-context.xsd
		http://www.springframework.org/schema/aop http://www.springframework.org/schema/aop/spring-aop.xsd
		http://www.springframework.org/schema/tx http://www.springframework.org/schema/tx/spring-tx.xsd">

        <!--扫描服务层-->
       <!-- <context:component-scan base-package="com.alfred.user.service.impl"/>-->
        <context:component-scan base-package="com.car.sys.service.impl"/>
        <context:component-scan base-package="com.car.bus.service.impl"/>
         <context:component-scan base-package="com.car.stat.service.impl"/>
         <context:component-scan base-package="com.car.user.service.impl"/>

    <!-- 1,声明事务管理器 -->
    <bean id="transactionManager" class="org.springframework.jdbc.datasource.DataSourceTransactionManager">
            <property name="dataSource" ref="dataSource"/>
    </bean>

    <!-- 2,声明事务的传播特性 也就是通知 -->
    <tx:advice id="advise" transaction-manager="transactionManager">
        <tx:attributes>
            <!-- 以add开头的方法名需要事务 -->

            <tx:method name="*Check" propagation="REQUIRED"/>
            <tx:method name="add*" propagation="REQUIRED"/>
            <tx:method name="save*" propagation="REQUIRED"/>
            <tx:method name="update*" propagation="REQUIRED"/>
            <tx:method name="delete*" propagation="REQUIRED"/>
            <tx:method name="change*" propagation="REQUIRED"/>
            <tx:method name="reset*" propagation="REQUIRED"/>
            <tx:method name="get*" read-only="true"/>
            <tx:method name="load*" read-only="true"/>
            <!--别改这个否则无法放行SQL语句-->
            <tx:method name="*" read-only="false"/>
        </tx:attributes>
    </tx:advice>
    <!-- 3进行AOP织入 -->
    <aop:config>
        <!-- 声明切面 -->
        <!--下面这种写法就是把每一次的业务处理加入事务处理，更贴近实际公司运营中的写法-->
        <aop:pointcut expression="execution(* com.car.sys.service.impl.*.*(..))" id="pc1"/>
        <aop:pointcut expression="execution(* com.car.bus.service.impl.*.*(..))" id="pc2"/>
        <aop:pointcut expression="execution(* com.car.stat.service.impl.*.*(..))" id="pc3"/>
        <aop:pointcut expression="execution(* com.car.user.service.impl.*.*(..))" id="pc4"/>
      <!--  <aop:pointcut expression="execution(* com.alfred.user.service.impl.*.*(..))" id="pc4"/>-->
        <!-- 织入 -->
        <aop:advisor advice-ref="advise" pointcut-ref="pc1"/>
        <aop:advisor advice-ref="advise" pointcut-ref="pc2"/>
        <aop:advisor advice-ref="advise" pointcut-ref="pc3"/>
        <aop:advisor advice-ref="advise" pointcut-ref="pc4"/>
    </aop:config>
</beans>