<?xml version="1.0" encoding="UTF-8"?>
<!DOCTYPE generatorConfiguration
        PUBLIC "-//mybatis.org//DTD MyBatis Generator Configuration 1.0//EN"
        "http://mybatis.org/dtd/mybatis-generator-config_1_0.dtd">
<generatorConfiguration>

    <context id="DB2Tables" targetRuntime="MyBatis3">
        <commentGenerator>
            <!--是否去除自动生成的注释 true: 是   false: 否-->
            <property name="suppressAllComments" value="true"/>
        </commentGenerator>
        <!--配置数据库连接-->
        <jdbcConnection driverClass="com.mysql.jdbc.Driver"
                        connectionURL="jdbc:mysql://localhost:3306/cars"
                        userId="root"
                        password="root">
        </jdbcConnection>

        <!-- 默认false，把JDBC DECIMAL 和 NUMERIC 类型解析为 Integer，为 true时把JDBC DECIMAL 和
            NUMERIC 类型解析为java.math.BigDecimal 主要是针对oracle数据库-->
        <javaTypeResolver >
            <property name="forceBigDecimals" value="false" />
        </javaTypeResolver>

        <!--指定javaBean生成的位置-->
        <javaModelGenerator targetPackage="com.car.bus.domain"
                            targetProject=".\src\main\java">
            <property name="enableSubPackages" value="true"/>
            <!--从数据库返回的值将被清理前后的空格-->
            <property name="trimStrings" value="true"/>
        </javaModelGenerator>
        <!--指定sql映射文件生成的位置-->
        <sqlMapGenerator targetPackage="mapper.bus"
                         targetProject=".\src\main\resources">
            <!-- enableSubPackages:是否让schema作为包的后缀 -->
            <property name="enableSubPackages" value="true"/>
        </sqlMapGenerator>
        <!--指定dao接口生成的位置，mapper接口-->
        <javaClientGenerator type="XMLMAPPER"
                             targetPackage="com.car.bus.mapper"
                             targetProject=".\src\main\java">
            <!-- enableSubPackages:是否让schema作为包的后缀 -->
            <property name="enableSubPackages" value="true"/>
        </javaClientGenerator>

        <table tableName="bus_check" domainObjectName="Check"
               enableCountByExample="false" enableUpdateByExample="false"
               enableDeleteByExample="false" enableSelectByExample="false"
               selectByExampleQueryId="false">
        </table>

    </context>
</generatorConfiguration>